index,楼盘名称,板块名称,项目地址,物业类型,总户数,建筑面积,占地面积,产权,装修,容积率,绿化率,车位数,物业费,物业公司
511,海威・钱塘之星,滨江,江南大道与西兴路交叉口东北,LOFT精装公寓,433,68000O,12754O,40年,精装,4,25.00%,409,,
1,绿城・桃花源,老余杭,杭州市余杭区凤凰山南麓，距杭州市中心18公里,别墅,570,252125O,1773333O,70年,精装,0.3,70.00%,570,5.2,绿城物业
2,万科公望,其他(富阳),富阳沿江公路黄公望国家森林公园南麓,别墅,405,244000O,623000O,70年,毛坯,0.3,30.00%,每户1-2个车位,5.5,杭州万科物业服务有限公司
3,曼陀花园,其他(富阳),青山湖度假风景区,别墅,85,60000O,173333O,70年,,待定,待定,暂无资料,4.5-5.5,绿城物业服务集团有限公司
7,青山湖玫瑰园,其他(富阳),临安青山湖街道（石临公路南侧,别墅,300,261975O,1733342O,70年,毛坯,0.2,45.00%,每户配备1-2个车位,5,浙江绿城物业
30,万科・郡西,良渚,余杭万科良渚文化村内,别墅,94,78000O,1140000O,70,精装,0.3,40.00%,247,8.5,上海万科物业服务有限公司余杭分公司
40,万科・堂前,良渚,余杭万科良渚文化村内,别墅,140,49600O,10986O,70,精装,0.5,47.00%,234,2.7,杭州余杭万科南都物业服务有限公司
52,西溪玫瑰,五常西溪,余杭五常大道与荆常路交叉口北方,别墅,291,110000O,99523O,70,毛坯,1,30.00%,暂无资料,3.8,浙江绿城物业管理有限公司
59,保利唐宁十号府,下沙沿江,下沙新城沿江大道与6号大街交汇处,别墅,50,134483O,52600O,70,毛坯,2.6,30.00%,均设半地下车库,,保利广州物业管理有限公司杭州分公司
104,朗诗美丽洲,良渚,良渚文化村核心区,别墅,185,50000O,60472O,70年,毛坯,0.8,30.00%,370,3.8,朗诗物业管理有限公司
140,坤和・和家园,西溪留下,西湖西溪路南侧西穆坞（原中国人民解放军73021部队营房驻地）,别墅,9000,1000000O,580000O,70,毛坯,1.2,30.00%,1:01,2.5,深圳开元国际物管公司
168,大华西溪风情,未来科技城,文一西路，文二西路，距西溪湿地国家公园400米,别墅,347,35000O,58000O,70,毛坯,0.5,50.00%,130,3.5,杭州彩虹物业管理有限公司
354,天鸿美和院,其他(富阳),富阳银湖开发区320国道与九龙大道东口,别墅,1300,287570O,287570O,商业40年，住宅70年,毛坯,1.2,32.60%,1000,,上海天鸿尊逸物业有限公司
506,绿城・江南里,桥西,杭州拱宸桥西侧小河路与风境街交叉口东临京杭大运河,别墅,76,51022O,34116O,70年,精装修,0.7,30.00%,,,
586,滨江象牙海岸,钱江新城,复兴路与之江路路交汇处东侧,别墅,86,27338O,13375O,70年,毛坯,1.5,30.00%,,,
587,阳光威尼斯,镇海,城东路东侧，南临姚江，东临余姚剑江,别墅,116,105000O,43511O,70年,毛坯,1.2,35.00%,,2.5,中奥物业
691,易辰江南大院,青山湖,科技大道陈市公路交叉口北侧,别墅,253,85000O,120000O,70年,毛坯,0.4,待定,,,绿城物业
289,宝龙城市广场,下沙大学城北,下沙2号大街与25号大街交叉口（浙江工商大学对面）,别墅、住宅、酒店式公寓,3200,330000O,220000O,70,"毛坯,精装修",2.6,30.00%,1985,1.75,泰安宝龙商业物业管理有限公司杭州分公司
120,汇宇和庭,南部卧城,萧山高桥路999号,别墅普通住宅,469,105000O,50000O,70,,1.6,30.00%,680,2.8,待定
660,万科海上明月,南部卧城,萧山区建设一路与金鸡路交叉口(萧山宝龙南),城市复合地产（住宅、商业、养老）,1222,143928O,57571O,70年,精装,2.5,30.00%,1660,,万科物业
111,中大银泰城,城北,杭州市下城区东新路与石祥路交汇处北侧（东新路822号）,城市综合体,1000,330000O,37860O,40,部分物业精装修,5,10.00%,1800,5,希尔顿物业
9,青山湖红枫园,其他(富阳),临安青山湖,法式合院别墅,170,74756O,144342O,70,毛坯,0.4,30.00%,暂无信息,3,绿城物业服务集团有限公司
75,赞成良著,良渚,良渚文化村内，良渚博物院东首，美丽洲路东侧,法式排屋,118,70000O,40000O,70年,毛坯,0.8,30.00%,236,4.6,南都物业
4,绿城・富春玫瑰园,其他(富阳),东洲街道江滨东大道515号黄公望森林公园南,法式园景别墅、法式组院别墅,450,300000O,520000O,70年,毛坯,待定,待定,暂无资料,,浙江绿城物业管理公司
55,德信・臻园,桥西,小河路文澜街交叉口西南侧,高层,296,74260O,22000O,70,精装,2.5,30.00%,371,4.2,浙江盛全物业管理有限公司
736,艺尚里,临平新城,临平迎宾路与永乐路交叉口，杭州高铁余杭站广场1公里区域,高层,168,90960O,24602O,70年,毛坯,2.7,30.00%,,,
708,远洋招商・上塘宸章,运河新城,拱墅区储鑫路和科祥路交叉口,高层、花园洋房,842,148000O,40400O,70年,毛坯,2.5,30.00%,1059,,远洋亿家
49,远洋・大河宸章,桥西,小河路、吉如路交叉口东北侧,高层公寓,700,120000O,50000O,70,精装,2.3,30.00%,暂无资料,4.38,北京远洋基业
680,融信澜天,良渚新城,古墩路立新路向北300米,高层排屋,1605,158900O,63560O,70年,毛坯,2.5,30.00%,3111,,融信物业
110,融信・蓝孔雀,申花,学院北路与育英路交叉口北,高端公寓，住宅,872,125278O,28215O,70年,毛坯,3.2,30.00%,820,,融信物业管理有限公司
77,绿城・栖云,之江转塘,西湖区之江国家旅游度假区斗门路,高端住宅,436,200000O,80163O,70年,精装、清水房,2,35.00%,836,4.8,绿城物业公司
584,大悦城,申花,西北至隐秀路，东至永固路，南至规划一号支路,高端住宅、购物中心、商业街、写字楼,180,495000O,65902O,70年,毛坯,4.3,20.00%,3200,,中粮物业
595,杭州水天城,钱江世纪城,钱塘江南岸钱江世纪城内，东临广场路，西南临公园东路，北临盈丰中心小学,公馆、商业、办公、酒店综合体复合式,133,250000O,29284O,,精装,6,30.00%,1500,,
13,武林壹号,市中心,湖墅南路66号,公寓,872,450000O,100000O,70,精装,3,30.60%,1691,7.6,杭州滨江物业管理有限公司
27,元丰庆春御府,市中心,江干庆春东路和庆菱路交叉口西南侧,公寓,84,30000O,6304O,70,精装修,3.5,30.00%,暂无信息,,暂无信息
57,浙旅・德信西宸,申花,萍水东路与莫干山路路口西北角,公寓,364,47684O,14000O,70,毛坯,2.3,30.00%,264,,
89,金地天逸,湘湖新城,金城路与风情大道交叉口西南角，1号线滨康站正对面,公寓,2132,432989O,123464O,70年,"毛坯,精装",2.5,38.00%,3261,4,金地物业管理有限公司
150,保利・香槟国际,申花,北临申花路，东至化工路，南至方家北路，西临城市公园,公寓,400,53000O,20000O,70,毛坯,2.6,30.00%,400,2.5,保利广州物业管理有限公司杭州分公司
155,景瑞申花郡,申花,丰庆路与石祥路交叉口东北方,公寓,588,75000O,24952O,70年,毛坯,2.2,30.00%,477,2.25,盛全物业服务有限公司
162,雍华府,普福牛田,建华路与红五月路交界处,公寓,731,72504O,30216O,70,毛坯,2.4,30.00%,703,,招商局物业管理有限公司
180,阳光城・普升,普福牛田,德胜快速路与沪杭高速交叉口西北,公寓,1162,149025O,47622O,70年,毛坯,2.2,30.00%,979,,
185,华瑞晴庐,萧山老城区,萧山区建设二路与宁税路交叉口东南角,公寓,2294,350000O,89438O,70年,毛坯,2.8,30.00%,2451,,华瑞物业
226,德信・中外公寓,下沙金沙湖,下沙星河北路与上沙路交叉口西南,公寓,644,100000O,26700O,70,毛坯,2.8,30.00%,623,2.25,浙江盛全物业管理有限公司
277,富邦星座,临平新城,南大街和南苑街交叉口东南,公寓,240,101550O,12044O,40年,精装,6,22.00%,大于1:1,,富邦物业
286,良渚文化村七贤郡,良渚,古墩路与东西大道交叉口向西3公里,公寓,1158,495000O,380000O,70,精装,1.3,30.00%,,2.9,上海万科物业服务有限公司余杭分公司
296,盛和居紫荆园,南部卧城,蜀山街道蜀山路以东小白线以南,公寓,1516,270000O,128871O,70,精装修,1.5,35.00%,,6,浙江绿城物业管理有限公司
322,恒大名城博园,良渚新城,杭州农副物流园区博园路与棕榈路交汇处,公寓,2184,321724O,82981O,70,"毛坯,精装",2.8,30.00%,1982,,
381,九悦江南,南部卧城,市心南路地铁2号线朝阳村站以北约150米处,公寓,700,153629O,30333O,40,毛坯,4.2,30.20%,1166,2.4,待定
407,东方文化园奇景家苑,湘湖新城,萧山义桥东方文化园内,公寓,350,47032O,31199O,70年,毛坯,1.2,30.00%,181,,
411,万泰・城章,临平新城,临平新城世纪大道与望梅路交叉口西南方向500米,公寓,1777,267526O,78643O,70,,2.4,30.00%,1680,,浙江南都物业管理有限公司
474,新城山语院,临平北,杭州临平星光街与雨荷路交会处,公寓,1230,170000O,54000O,70年,毛坯,2.3,30.00%,1102,,
515,凯文・杭庄,临平北,杭州余杭经济开发区映荷路与荷禹路交界处,公寓,651,141906O,48153O,70年,毛坯,2,30.00%,761,1.25,
548,农房尚海湾,南部卧城,萧山育才路与晨辉路交叉口西南侧（吕才庄公交站）,公寓,1500,150000O,59884O,70年,毛坯,2.5,30.00%,1668,,上海旺都物业(一级资质)
572,中兴・御田清庭,田园,半山田园板块青城路与依山路交界处,公寓,2000,80000O,35247O,70,毛坯,1.3,30.00%,440,,
598,新时代城市家园,闲林,闲林西路和闲富中路交界处北面,公寓,1000,119000O,21916O,70,毛坯,4.4,31.20%,615,2.1,杭州香茗物业
639,天阳凤起,钱江新城,凤起东路与三新路交叉口（东北方向,公寓,259,54228O,13923O,70,精装,2.5,30.00%,,,天阳物业
737,招商・雍和府,普福牛田,江干区兴建路与园区路交界处（地铁1号线七堡站往南600米）,公寓,1004,154300O,46221O,70年,毛坯,2.4,30.00%,2018,,招商局物业管理有限公司
87,顺发・吉祥半岛,桥西,登云路与通益路交叉口西北侧,"公寓,别墅",1100,170000O,55000O,70,毛坯,2.5,30.00%,1:01,2.7,浙江纳德物业管理有限公司
115,中天官河锦庭,滨江,滨江区滨康路西陵路口,"公寓,别墅",1350,190000O,54000O,70,毛坯,2.4,30.10%,约1200个,,中天物业
160,保利・霞飞郡,萧山老城区,建设二路与明星路交汇处,"公寓,别墅",910,190000O,66667O,70,毛坯,2.2,30.00%,910,,保利物业
245,云都・美浓小镇,临浦镇,浦阳桃花源景区,"公寓,别墅",5100,1000000O,5300000O,70,毛坯,1,30.50%,,,
361,青枫墅园,仓前,余杭区文一西路延伸段南侧,"公寓,别墅",2488,450000O,330000O,70,毛坯,1.4,40.00%,2688,1.7,广东中奥物业管理有限公司
367,新明半岛,闲林,余杭闲林镇以西02省道南侧新明大道,"公寓,别墅",5000,1100000O,310000O,70,毛坯,1.4,37.80%,5500,1.5,杭州桃源山物业管理公司
373,众安白马山庄,闲林,余杭区闲林镇留和路浙江科技学院西北侧,"公寓,别墅",992,243497O,145265O,70,毛坯,1.3,30.00%,暂无信息,2.49,众安物业
374,广瑞・瑞城花园,仓前,仓前镇天目山路与文一西路间、东西大道东侧,"公寓,别墅",1500,300000O,266400O,70,毛坯,1.6,38.00%,3000,2.2,杭州绿城物业管理有限公司
436,绿城・桃源小镇,闲林,余杭区西郊闲林埠，02省道南侧,"公寓,别墅",9000,70000O,210000O,70,毛坯,0.6,40.00%,624,1.6,杭州公用物业管理有限公司
469,九龙仓雍景山,其他(富阳),闲祝公路向阳路交叉口，近杭州野生动物园,"公寓,别墅",1473,500000O,298000O,70,毛坯,1,30.00%,,,
74,绿城・运河宸园,桥西,登云路小河路交叉口西北侧,"公寓,别墅,商住",912,103055O,58202O,70,毛坯,2.1,30.00%,909,,绿城物业
99,恒祺・克拉公馆,城东新城,江干石桥路与机场路交叉口,"公寓,酒店式公寓",480,50000O,11510O,70,毛坯,3,30.00%,296,1.75,浙江南都物业管理有限公司
254,保利・江语海,下沙,东至沿江大道绿化，南至六号大街绿化,公寓，排屋,1051,173298O,52655O,70,毛坯,2.6,30.40%,01:00.8,2.25,保利物业杭州分公司
352,安佳北郡,崇贤,崇贤镇塘康路与崇杭街交界处东北侧,"公寓,商铺",292,50000O,15000O,70,毛坯,3,30.00%,254,1.2,
184,财和湘域湾,南部卧城,萧山区潘水路以北(原杭州远东外国语学校以北),"公寓,商住",384,83730O,30410O,70,,2,35.00%,,2.6,浙江开元物业服务有限公司
622,世茂智慧之门,滨江,滨江区江南大道9号,"公寓,商住",1132,372138O,33857O,40年,毛坯,8,20.00%,2500,5.6,世茂天成物业
143,万和国际中心,钱江世纪城,钱江世纪城庆春路过江隧道出口南,"公寓,写字楼",700,170000O,31018O,70,毛坯,4,30.00%,700,2.45,浙江开元物业服务有限公司
606,凯丽晶座,钱江世纪城,通惠北路718号,"公寓,写字楼",612,87000O,13575O,1和2号楼70年，3和4号楼40年,毛坯,3.5,30.00%,500,1.4,杭州中广
447,创美华彩国际,三墩,西湖西湖三墩苏嘉路与西陈路交叉口(紫藤苑对面),公寓，写字楼，酒店式公，商业，酒店,790,180000O,38500O,40,精装,3.5,30.00%,775,2.8,杭州彩虹物业管理有限公司
281,憬天国际名座,南部卧城,通惠南路，向北不到一百米即是南环路,"公寓,写字楼,酒店式公寓",288,65600O,16369O,40,毛坯,3.7,30.00%,488,2.5,开元物业公司
108,雅戈尔西溪晴雪,西溪留下,天目山路西端，西溪公园南大门,公寓、别墅,836,111434O,55225O,70,"毛坯,精装",1.4,30.00%,479,2.5,雅戈尔物业
309,宋都・东郡国际,下沙大学城北,下沙德胜快速路、沿江大道交汇处，浙江财经学院正北面,公寓、排屋,2100,320000O,100000O,70,毛坯,2,30.00%,1900,1.75,杭州宋都物业经营管理有限公司
529,众安朝阳8号,南部卧城,市心南路及规划南四路交叉口西侧,公寓、排屋、酒店式公寓、商铺,1044,101000O,36162O,70年大产权房,毛坯,2.8,30.00%,1039,,
161,大家・多立方,九堡,九堡镇中心九华路与九盛路交界处西北方向,公寓、住宅,1009,140000O,48000O,70,毛坯,2.2,36.00%,651,1.4,杭州大家物业经营管理有限公司
220,华立永通逸城,其他(富阳),富阳杭富沿江公路（江滨东大道）东洲,公寓别墅,150,300000O,384667O,70年,毛坯,0.6,41.20%,1户1-2个,0.8,绿城绿升物业管理有限公司
164,中交・悦西溪,未来科技城,文一西路与常二路交叉口南侧，面对淘宝城,公寓排屋,258,58000O,27994O,70,毛坯,1.2,30.00%,296,0.01,杭州黄龙饭店管理服务有限公司
253,翡翠城,五常西溪,余杭西溪湿地以西约2公里（高教路、五常大道交汇处）,公寓排屋花园洋房,8500,1500000O,933338O,70,毛坯,1.3,40.00%,车位配比:1:1,2.3,绿城物业服务集团有限公司
636,杭州金地广场,三墩,古墩路与金渡北路交叉口西北角,公寓商铺,1400,160000O,25000O,40年,精装,4,15.00%,1039,,金地物业
489,美致生活广场,临平北,杭州钱江经济开发区星河路与兴元路交叉口旁,公寓写字楼酒店式公寓商住,2000,180000O,37224O,70年,精装,3.5,20.00%,1000,,嘉盛物业
522,萧山宝龙城市广场,萧山,杭州萧山区金鸡路和建设一路交叉口,购物中心、风情商业街、酒店公寓、都会公馆,2000,230000O,45830O,40年,毛坯,3.5,15.00%,1619,,
665,滨江金茂府,滨江,杭州市滨盛路与西兴路交界,豪华住宅,1142,270000O,72000O,70年,精装修,2.5,35.00%,,,
495,东站西子国际,城东新城,火车东站东广场（环站东路与天城路交叉口）,建筑综合体,112,132383O,22060O,40年大产权房,毛坯公共部分精装,3.2,15.50%,800,,浙江绿城物业
627,复地・壹中心,申花,莫干山路与育英路交叉口（月星家居旁）,建筑综合体,2214,250000O,28000O,40年,毛坯、装修,7,20.00%,,,上海高地物管
34,万象城・悦玺,钱江新城,江干钱江路与庆春东路交叉口,酒店式公寓,1269,450000O,41486O,50,精装,5.5,30.00%,600,5.5,华润新鸿基物业管理有限公司
84,杰立公馆,城东新城,机场路与天城路交叉口北侧30米,酒店式公寓,340,34926O,6860O,40年,"毛坯,精装",3.4,29.00%,198,,
148,华元・天鹅堡,西溪留下,西溪路浙大科技园西侧,酒店式公寓,440,31000O,18485O,40,精装,1.7,25.00%,270,7,华元物业管理有限公司
202,鑫运时代金座,九堡,九睦路与九乔路交汇处东北方向,酒店式公寓,1137,117830O,22818O,40,精装,3.3,25.00%,827,,暂无信息
673,龙湖・滟澜星座,下沙,海达南路与金沙大道交汇处，龙湖金沙天街正对面，地铁一号线金沙湖站D出口,酒店式公寓,864,140000O,18034O,40年,全装修,待定,30.00%,789,4.5,龙湖物业
764,众安朝阳银座,南部卧城,萧山市心南路地铁2号线朝阳站出口北面400米,酒店式公寓,252,13607O,53000O,40年,,3.5,25.00%,391,3.5,浙江众安物业服务有限公司
360,江南铭楼,钱江世纪城,萧山区宁围镇利华路633号,"酒店式公寓,商铺",345,44159O,12457O,40年,毛坯、公共部分精装,3,25.00%,469,2.6,杭州久恒物业管理有限公司
592,湘湖居,湘湖新城,杭州休博园区,"酒店式公寓,商铺",700,71367O,40000O,50,毛坯,2,35.00%,95,2.5,南都物业
141,蓝钻天成,申花,杭州市莫干山路969号莫干山路与萍水街西南向交叉口,酒店式公寓，商业，写字楼,1600,220000O,32806O,40,精装,4,25.00%,暂无资料,,绿城物业服务集团有限公司
591,金隅Smart,下沙沿江,下沙24号大街与19号大街交汇处东南角（观澜时代东侧）,"酒店式公寓,商住",877,90672O,21908O,40,精装修,2.6,30.00%,,2.1,公元物业
311,西溪壹树,西溪留下,西湖天目山路五常大道口南侧,酒店式公寓、独栋复式会所,80,11211O,7097O,40,"毛坯,精装",1.4,30.00%,29,4.8,暂无资料
399,金沙国际,下沙金沙湖,德胜东路与幸福南路交叉口（幸福南路1288号）,酒店式公寓、酒店、商业、写字楼,789,150000O,23627O,40,公共部分精装修,4.7,25.00%,822,2.5,杭州理想四维物业管理有限公司
732,向江来时代中心,钱江新城,江干区塘工局路与严家弄路交叉口,酒店式公寓、商业,631,89647O,17550O,40年,精装修,4,20.00%,551,4.2,绿城物业公司
412,绿都嘉华公馆,南部卧城,南环路与萧然西路交叉口东侧,酒店式公寓、商住,282,43921O,12000O,40,毛坯,3,25.70%,233,,待定
25,西溪天堂悦居,蒋村西溪,西湖区紫金港路天目山路口东北方向,酒店式公寓、综合商业体,280,49561O,14745O,50年,,2,30.00%,,6,杭州西溪投资发展有限公司
238,金街美地,之江转塘,之江杭州市320国道与杭富路交叉口,酒店式公寓、综合商业体,850,84095O,33600O,40,精装,2.5,25.00%,675,待定,待定
532,地铁东城广场,九堡,杭州地铁1号线客运中心站,酒店式公寓建筑综合体,375,174070O,37765O,40年大产权房,毛坯公共部分精装,3.4,10.00%,,,
490,新天地G193广场,城北,杭州下城区长浜路（原东新东路）与安桥路交叉口,酒店式公寓商铺,1207,217555O,23619O,40年,精装,6.4,10.00%,1190,,浙江昆仑物业管理有限公司
12,湘湖壹号,湘湖新城,萧山湘湖度假区内，西邻时代大道，北接湘湖路,联合别墅，排屋,76,250000O,253333O,70年,精装,1,35.00%,,6,滨江物业
741,华元花涧堂,临平新城,临平望梅路和汀城路交叉口西南,联排、洋房,430,64222O,63586O,70年,毛坯,1,30.00%,595,3.5,华元物业
17,绿城・云栖玫瑰园,之江转塘,之江之江路186号，紧邻宋城景区、西湖高尔夫,排屋,88,43871O,148751O,70,精装修,0.3,30.00%,每户2-3个,5.5,浙江绿城物业管理公司
44,滨江・西溪明珠,西溪留下,天目山路百家园路西南,排屋,218,118350O,71393O,70年,毛坯,1,30.00%,,,
135,顺发堤香,萧山老城区,萧山金鸡路与博学路的交叉口,排屋,897,97683O,39073O,70,毛坯,2.5,30.00%,930,2.5,浙江纳德物业管理有限公司
619,万科未来城梦溪里,良渚新城,浙江省杭州市余杭区104国道与疏港路交叉口西北,排屋,159,30419O,8619O,70年,精装修,2.2,30.00%,251,,上海万科
46,溪上玫瑰园,五常西溪,高教路东侧(五常大道高教路口公交站附近),"排屋,别墅",335,210000O,209334O,70,毛坯,0.6,40.00%,,4.5,浙江绿城物业管理有限公司
71,滨江・紫金府,申花,古墩路与方家北路东南,"排屋,公寓",600,117000O,39699O,70,毛坯,2.1,30.00%,暂无资料,待定,杭州滨江物业管理有限公司
519,中天官河别墅,滨江,滨江区滨康路西陵路口,排屋别墅,50,待定,待定,70年,毛坯,待定,待定,,5,中天物业
22,九龙仓・君玺,市中心,杭州市东新路与文晖路交叉口,普通住宅,526,80000O,24002O,70,精装,3.3,30.00%,,,
28,望江府,钱江新城,望江路与钱江路交汇处西南侧,普通住宅,480,89132O,20480O,70年,精装修,2.9,30.00%,510,,绿城物业
29,金隅学府,钱江新城,钱江路与侯潮路交口西南角,普通住宅,441,78000O,18000O,70年,精装,2.8,30.00%,517,,
32,阳光城・文澜府,城北,杭州拱墅区科园路与蔡马东路交叉口（文澜小学对面）,普通住宅,633,116560O,32558O,70年,装修,2.5,30.00%,827,,
38,凯德湖墅,桥西,湖墅北路111号,普通住宅,686,130322O,32042O,70年,毛坯,2.5,30.00%,640,,银亿物业
39,凯旋门,市中心,凯旋路116号,普通住宅,804,158892O,39745O,70,毛坯、精装,2.7,27.90%,912,4.2,杭州滨江物业管理有限公司
42,万科大家・钱塘府,钱江新城,昙花庵路与水湘路交叉口,普通住宅,1305,181257O,51945O,70年,精装修,2.6,30.00%,1195,4.2,万科物业
43,中企艮山府,钱江新城,江干区章家坝，北临横河港水系，南靠规划支路，西侧紧邻京杭大运河,普通住宅,974,222907O,61737O,70,毛坯房,2.5,30.00%,1173,3.3,上海古北物业
48,绿城・丽江公寓,九堡,钱江新城东，南临钱塘江和沿江大道，北依下沙路,普通住宅,1200,320000O,100000O,70,精装,2.5,30.00%,1280,2.5,浙江绿城物业管理有限公司
62,绿城九龙仓钱塘明月,北干街道,萧山金惠路与永久路交叉口,普通住宅,1512,280000O,70227O,70年,精装修,3.5,30.00%,,,
63,宝嘉誉府,三墩,紫荆花路和石祥路交叉口往西100米,普通住宅,1218,169666O,44494O,70年,毛坯,2.6,30.00%,1316,2.75,宝嘉物业
64,西溪蝶园,蒋村西溪,文一西路和崇义路交叉口东北方向,普通住宅,1600,110000O,155838O,70,精装,2.3,30.00%,1500,3.2,杭州万科物业服务有限公司
80,龙湖・春江彼岸,滨江,奥体博览城旁，东至扬帆路，南至规划地铁6号线，西至规划绿化，北至丹枫路,普通住宅,1842,323000O,77345O,70,毛坯,3.2,30.10%,暂无资料,,暂无资料
81,天阳・尚景国际,申花,萍水路与永固路交叉口,普通住宅,650,100000O,26306O,70,毛坯,2.5,30.00%,暂无资料,,暂无资料
101,复地・黄龙和山,西溪留下,西溪路与杨梅山路交叉口东南,普通住宅,848,150000O,63800O,70年,毛坯,1.6,30.00%,596,0.01,上海高地物业管理有限公司
102,紫玉福邸,城东新城,秋涛北路与机场路交叉口东北,普通住宅,522,92900O,26900O,70年,毛坯,2.5,30.00%,,,
103,莱蒙・水榭春天,滨江,扬帆路（奥体主场馆旁）,普通住宅,854,154157O,28704O,70,毛坯,4,30.00%,989,3,莱蒙置业
112,融信・学院府,申花,育英路与学院北路,普通住宅,1397,207116O,56521O,70年,毛坯,2.6,30.00%,1327,2.25,融信物业管理有限公司
113,钱塘玫瑰湾,滨江,滨文路与新浦路交叉口,普通住宅,483,64181O,19385O,70,毛坯,2.2,30.00%,434,2.25,绿城物业服务集团有限公司
123,万科・紫台,普福牛田,德胜快速路德胜枢纽出口北侧,普通住宅,1078,150459O,46069O,70年,精装,2.4,30.00%,900,,杭州万科物业服务有限公司
125,万科・璞悦湾,滨江,杭州滨江区滨文路与西浦路交叉口北侧,普通住宅,1771,228000O,66000O,70年,精装,2.5,30.00%,待定,,万科物业
128,莲桥府,海曙,海曙莲桥街与郭衙巷交叉口,普通住宅,220,35000O,22000O,70年,毛坯,待定,待定,,3,宁波市城市广场物业管理有限公司
130,和昌府,良渚新城,余杭新104国道与疏港路交汇处，永旺梦乐城北面,普通住宅,856,124660O,38484O,70年,毛坯,2.2,30.00%,942,待定,新和昌物业
132,金地・申花里,申花,莫干山路和石祥路交叉口西北侧,普通住宅,592,89500O,29603O,70,精装,2.3,30.00%,,,金地物业
133,中旅・城仕公馆,丁桥,同协路和红旗路交界处,普通住宅,1107,170000O,46800O,70,毛坯,2.5,30.00%,1026,,港中旅物业管理（深圳）有限公司杭州分公司
142,顺发江南丽锦,钱江世纪城,东临市心北路，南至机场北辅路，北靠顺发和美家,普通住宅,746,131968O,31964O,70,毛坯,3,30.00%,746,,浙江纳德物业服务有限公司
144,远洋心里,普福牛田,城东新城德胜快速路德胜枢纽出口北侧,普通住宅,1009,123000O,51000O,70,毛坯,2.4,30.00%,1014,2.25,远洋物业
146,德信・泊林印象,九堡,九堡仁爱路与九乔街交叉口北侧,普通住宅,1581,260000O,83334O,70,毛坯,2.4,30.00%,1400,1.75,浙江盛全物业管理有限公司
153,景瑞・申花壹号院,申花,拱墅申花路丰潭路口,普通住宅,1318,185164O,54467O,70年,毛坯,2.5,30.00%,,,
157,中海・西溪华府,蒋村西溪,东至五常港路，南至五常港，西至杭州绕城，北至规划道路,普通住宅,1408,140000O,70000O,70,毛坯,2,30.00%,待定,,暂无资料
163,顺发・美哉美城,钱江世纪城,飞虹路与民和路交叉口,普通住宅,1670,250000O,90000O,70年,毛坯,1.8,30.00%,1700,,浙江纳德物管
165,世茂・东壹号,普福牛田,南至规划兴建路，西至储备地块，北至建华路,普通住宅,852,120260O,37387O,70,毛坯,2.4,30.00%,746,,
170,良渚文化村・秋荷坊,良渚,东临滨河路，毛家漾港，西至规划白南路,普通住宅,1016,150055O,127114O,70,精装,1.2,30.10%,1092,2.9,万科物业
171,富力・西溪悦居,未来科技城,文一西路与常二路口西北(淘宝城对面),普通住宅,974,281435O,95972O,70年,精装,2,30.00%,2071,,富力物业
172,方正・御星,祥符,拱墅区杭行路与祥富路交叉口万达广场旁,普通住宅,740,80000O,35060O,70,毛坯,2.3,30.00%,678,,
173,西溪君庐,未来科技城,文二西路与荆长大道交叉口向南1000米,普通住宅,306,80417O,31650O,70年,毛坯,1.5,30.00%,,,浙江绿城物业管理有限公司
174,中国铁建・德信君宸,萧山经济技术开发区,建设二路与金鸡路口西南,普通住宅,1144,114224O,51920O,70,毛坯,2.2,30.00%,,,盛全物业
175,西溪融庄,五常西溪,杭州市荆长大道与文二西路口南侧300米,普通住宅,435,124151O,59360O,70,毛坯,1.3,30.00%,,,
177,宝嘉・誉峰,祥符,杭州市拱墅区石祥路与东吴路交界处（万达广场往东50米）,普通住宅,986,157000O,45000O,70年,毛坯,2.5,30.00%,982,,宝嘉物业
178,滨江西溪之星,五常西溪,文二西路转荆长大道南向数百米,普通住宅,1114,200059O,95407O,70年,精装修,1.3,30.00%,1258,1,滨江物业
187,德信・晓宸,祥符,东吴路与祥富路交接处西南方向,普通住宅,739,100000O,32635O,70,毛坯,2.3,30.00%,暂无资料,,暂无资料
189,金隅・田员外,田园,田园广济路和依山路口西北方,普通住宅,1406,195600O,71300O,70,毛坯,2,30.00%,1235,,杭州卓盛物业
194,万科大家・世纪之光,钱江世纪城,杭州G20板块振宁路与民和路交叉口（紧邻地铁2号线振宁路站）,普通住宅,2500,340000O,120000O,70年,精装修,2,30.00%,2800,,
200,滨江金色江南,钱江世纪城,近庆春隧道口飞虹路与民和路交汇处,普通住宅,954,96860O,38744O,70年,毛坯、精装,2.5,30.00%,1065,3.8,杭州滨江物业管理有限公司
203,恒大帝景,萧山老城区,萧山晨晖路与育才路交叉口,普通住宅,2452,350000O,100000O,70年大产权,全装修,2.5,30.00%,,,
204,新城・西溪逸境,未来科技城,高教路与电子路交叉口（淘宝城南侧）,普通住宅,559,74613O,32226O,70年,毛坯,1.6,30.00%,592,,
206,郡原・九润公寓,九堡,九福路与九华路交叉口东北角,普通住宅,800,160000O,49800O,70,毛坯,2.2,30.00%,744,2.3,绿城郡原物业管理有限公司
215,龙湖・名景台,丁桥,江干区同协路与华丰路交叉口北200米,普通住宅,1092,300000O,100000O,70年,毛坯,2.2,30.00%,1050,,
216,中国铁建青秀城,萧山老城区,建设一路与明星路交叉口西南,普通住宅,1115,164851O,51640O,70年,毛坯,2.2,待定,暂无资料,,暂无资料
218,森和・湖漫雅筑,滨江,天官路以南，光裕路以西，长河绿化带以东，乳泉路以北,普通住宅,257,44789O,17674O,70,毛坯,1.8,30.00%,257,,暂无资料
236,中国铁建・国际花园,普福牛田,城东新城北区冯普路和支十二路东北,普通住宅,507,70698O,21257O,70,毛坯,2.4,30.00%,1209,,
237,万科・北宸之光,良渚新城,东临通益路，西至锦江路，北至通运路,普通住宅,3000,305000O,120369O,70,精装,2.5,30.00%,,,万科物业
242,耀翔・悦尚,祥符,拱墅祥园路与总管路交叉口,普通住宅,360,38307O,11971O,70,毛坯,3.2,30.00%,,,
246,中南白马湖壹号,滨江,西沿时代高架，南至祥瑛路,普通住宅,1928,287197O,98182O,70年,毛坯,2,30.00%,1970,,
273,合景・瑜翠园,未来科技城,未来科技城舒心路与红卫北路口,普通住宅,492,65000O,13435O,,毛坯、精装,3.5,30.00%,,,宁骏物业
276,滨江・万家名城,良渚新城,近通运路与通益路,普通住宅,1012,156643O,45191O,70,精装修,2.5,30.00%,,,滨江物业
278,万通时尚公馆,未来科技城,杭州市未来科技城创景路和余杭塘南路交汇处（梦想小镇旁）,普通住宅,940,131638O,待定,40年,精装修,3,30.00%,1043,2.28,南都物业
282,天阳・晴朗,丁桥,南至广发路，西至笕丁路，北至规划四号路，东至丁桥港路且与广宇上东城隔河相望,普通住宅,600,90000O,30000O,70年,毛坯,1.9,30.00%,500,,
290,保利・玫瑰湾,下沙沿江,下沙新城沿江大道与15号大街东北,普通住宅,1288,170000O,51000O,70,毛坯,2.5,45.00%,1117,1.45,保利广州物业管理有限公司杭州分公司
297,瑞麒时代金座,良渚新城,余杭良渚勾运路和上塘高架交界处东南角,普通住宅,112,39000O,9499O,70年,毛坯,2.5,25.00%,255,,
301,天都城・天漾（售罄）,星桥,余杭区星桥街道欢乐大道与天韵路交叉口,普通住宅,440,73216O,23152O,住宅70年商业40年,毛坯,2.1,32.30%,468,1.68,广厦物业
307,保利・城市果岭,下沙大学城北,下沙新城水云街与海涛路交汇，九桥高尔夫南侧,普通住宅,1357,187000O,46000O,70,毛坯,3,30.00%,1198,2.25,保利物业管理有限公司杭州分公司
324,保利・罗兰香谷,长睦,皋亭山风景区南，天都大道和天丰路口以北,普通住宅,2000,270000O,85000O,70,毛坯,2.4,30.00%,1640,,保利物业
325,金地・格林格林,长睦,杭州市江干区天都路、天丰路交叉口,普通住宅,1306,121212O,52701O,70,毛坯,2.3,34.00%,1123,2.25,金地格林格林
332,凯喜雅・锦河湾,良渚新城,项目现场,普通住宅,466,76000O,21370O,70年,毛坯,2.5,30.00%,500,,暂无资料
334,越秀・星汇悦城,良渚新城,余杭古墩路与吴王路交叉口,普通住宅,1338,185367O,57257O,70年,毛坯,2.3,30.00%,1456,0.01,杭州越秀物业管理有限公司
336,天都城・天澜（售罄）,星桥,杭州市临丁路与欢乐大道交叉口,普通住宅,1709,3O,22753O,70年大产权,毛坯,3.2,31.70%,,,
347,绿城・莲园,临平北,杭州市临平北沙西路与荷花路交叉口西北侧,普通住宅,717,140292O,45252O,70,毛坯,2.2,30.00%,714,,暂无信息
348,溪悦宸府,五常西溪,五常大道横板桥社区,普通住宅,435,68998O,20824O,70,毛坯,2.4,31.70%,425,,待定
357,德信泊林春天,钱江世纪城,鸿宁路与104国道交叉口西北,普通住宅,1400,210000O,47840O,70年,毛坯,3,25.00%,,,
362,复地・上城,仓前,杭州市余杭区文一西路以南，东西大道以东侧。,普通住宅,1000,200000O,78000O,70,毛坯,1.8,30.00%,1000,1.8,上海高地物业管理有限公司
391,保亿风景御园,镇海,镇海镇海新城永平西路318号,普通住宅,1873,268974O,89048O,70年,毛坯、精装,2.2,30.00%,1988,保亿物业,2.2
396,恒基旭辉府,崇贤,杭州丽水北路与崇杭街交叉口,普通住宅,2202,278023O,86670O,70,毛坯,2.5,30.00%,1997,,上海永升物业
405,越秀星汇城,青山湖,杭州青山湖科技城大园路123号,普通住宅,10000,1500000O,800000O,70年,毛坯,1.8,30.00%,4000,1.5,浙江越秀物业管理有限公司
408,赞成赞城,良渚新城,东至棕榈路、西面是河流、北至储运西路、南面是博园路,普通住宅,1228,182308O,51900O,70,毛坯,2.6,30.00%,1177,,
415,广厦天都城紫韵公寓（售罄）,临平新城,余杭区星桥镇广厦天都城内,普通住宅,823,135763O,35023O,70年,毛坯,2.8,30.00%,786,1.8,广厦物业管理有限公司
424,佳源名城,崇贤,崇贤镇，南临洋湾路，东至崇超路，西临运河支流,普通住宅,1600,待定,69334O,70年,毛坯,2.5,30.00%,1190,,佳源物业
428,美好・桂花星座,临平新城,星桥新城星桥临丁路星源路交叉口西南侧,普通住宅,617,19091O,70397O,70,毛坯,2.8,30.00%,418,1.8,杭州余杭桂花星城物业管理有限公司
429,赞成杭家,崇贤,洋湾路与星海路东北,普通住宅,1274,175445O,52178O,70年,毛坯,2.5,30.00%,1000,,
435,昆仑华府,良渚新城,东至张家坝港，南至新104国道防护林，西至下门坝港,普通住宅,1887,281000O,84300O,70,毛坯,2.5,30.00%,2060,1.68,昆仑物业
440,瑞金・华丽嘉苑,临平新城,星桥街道星都大道与藕花洲大街东南,普通住宅,747,121402O,40601O,70年,毛坯,2.3,30.00%,777,1.2,杭州欣勤物业管理有限公司
441,盈都・江悦城,下沙大学城北,大学城北，江东大桥畔，春潮路东侧，春石路北侧,普通住宅,2823,330000O,96000O,70,毛坯,2.5,60.00%,2441,,盈都物业
445,坤大・玉龙湾,萧山,靖江镇靖江路与官界路交叉东南角,普通住宅,154,21026O,8863O,70年,毛坯,2.3,25.00%,154,,
465,兴耀・星悦湾,大江东,江东义蓬街道向阳路南,普通住宅,1600,261638O,91415O,70年,毛坯,1.9,30.00%,1599,,
471,春风江南府,塘栖,杭州市余杭区塘栖镇塘栖路与鼎盛街交叉口,普通住宅,707,110000O,30000O,70年,毛坯,2.6,30.00%,810,,
475,嘉丰・万悦城,临平北,杭州市临平东湖北路与湖潭路交汇处,普通住宅,1240,239685O,71888O,70,毛坯,2.4,31.50%,,,
485,中国铁建・江南国际城,北干街道,萧山区金城路与风情大道交汇处往北300米（金色钱塘东侧,普通住宅,2335,337053O,91135O,70年,毛坯、精装,2.8,30.00%,2627,,未定
486,经纬御贤府,崇贤,塘康路以东与崇文街以北,普通住宅,197,27371O,10366O,70年大产权房,毛坯,2.1,30.00%,,,
487,融创金成・英特学府,闲林,天目山西路城东路交叉口,普通住宅,2316,347085O,132184O,70年,毛坯,1.8,30.00%,2515,,
510,广大融城印象,丁桥,江干丁兰路与蕙北支路交汇处,普通住宅,746,102099O,34081O,70年,毛坯,2.2,30.00%,,1.2,
518,蓝色嘉园,萧山,杭州市萧山区瓜沥镇东灵北路,普通住宅,582,75886O,27557O,70年,毛坯,2,30.00%,494,,
523,钱江御府,钱江新城,秋涛路与候潮路交汇处,普通住宅,557,91831O,24422O,70年,,2.8,30.00%,567,,
528,天阳・尚景国际Ⅱ期,申花,萍水街与永固路交叉口（近莫干山路）,普通住宅,304,50409O,14120O,70年,毛坯、精装,2.3,30.00%,580,2.25,浙江天阳物业管理有限公司
533,通和十二橡树,星桥,余杭区东港路与星都大道交叉口（欢乐四季公园东侧）,普通住宅,321,280000O,140000O,70年,毛坯公共部分精装,1.1,32.00%,1157,0.01,南都物业
536,赞成龙兴道一号,临平老城,南苑街道新颜南路与龙兴街交叉口东南,普通住宅,666,87904O,32167O,70年,毛坯,2,30.00%,574,,浙江赞成物业管理有限公司
540,滨江锦绣之城,申花,莫干山路与隐秀路交叉口,普通住宅,846,160588O,36383O,70年,精装,3,30.20%,1161,4.5,杭州滨江物业管理有限公司
546,阳光城上府,北干街道,滨康路与风情大道交口南向100米,普通住宅,1941,277544O,79600O,70年,毛坯,3,30.00%,2099,2.8,阳光城物业服务（福建）有限公司杭州分公司
550,广宇锦绣桃源,桃源新区,杭州市拱墅区沈半路桃源街与翠锦路交汇处,普通住宅,784,112260O,27972O,70年,毛坯、装修,2.7,30.00%,687,,广宇集团
554,首开武林8栋,城东新城,德胜快速路与石桥路交叉口向北300米石桥路西侧（金禾嘉苑南）,普通住宅,1133,152305O,52909O,70年,毛坯,2,30.00%,1012,,绿城物业
556,富力十号,未来科技城,文二西路高教路交叉口,普通住宅,366,123864O,37643O,70年,精装,2.3,25.00%,885,1.68,广州天力物业发展有限公司
557,融信杭州公馆,市中心,杭州西湖区学院路与文一路交叉口,普通住宅,1255,210645O,50414O,70年,毛坯精装,2.9,30.00%,,,
560,新城红郡,长睦,江干区临丁路与长睦路交叉口以北,普通住宅,1705,260000O,75962O,70年,毛坯,2.3,30.00%,1573,2,浙江赞成物业管理有限公司
561,雅居乐国际花园,闲林,天目山西路闲富路口,普通住宅,3886,560000O,132466O,70年,毛坯,3.2,30.00%,4327,,
562,德信大家・钱江府,钱江新城,东至备塘河，南至杭州章家坝村经济联合社，西至规划下宁路，北至艮山西路,普通住宅,1400,200000O,11545O,70年,毛坯,2.3,30.00%,1173,0.01,
563,高运莱茵传奇,萧山老城区,北靠建设一路，西接规划青年路，南连北塘河，东邻明星路,普通住宅,1000,140000O,45000O,70年,毛坯,2.2,30.00%,1000以上,,
564,禹洲滨之江,之江转塘,枫桦东路与梧桐路口,普通住宅,2221,300000O,145330O,70年,精装,待定,30.00%,01:01.1,,禹洲物业
567,世茂天宸,市中心,杭州市江干区艮山西路95号,普通住宅,600,144174O,41334O,70、40年,精装、毛坯,3.7,30.00%,01:01.8,0.01,
568,万科大都会79号,钱江新城,杭州市钱江新城运河之江隧道运河东路出口,普通住宅,328,111500O,21900O,70年,精装,3.5,30.00%,715,,万科物业
569,恒大城市之光,滨江,滨文路与时代大道交叉口,普通住宅,988,133994O,41153O,70,毛坯,2.2,30.00%,997,,嘉凯城物业
570,首开国风美域,三墩,西湖区古墩路和振华路交叉口,普通住宅,832,120000O,30000O,70年大产权房,毛坯,2.5,30.00%,,,
571,首开望宸,田园,半山东路与虎山路交汇处,普通住宅,659,103334O,41065O,70年,毛坯、装修,1.6,30.00%,728,,绿城物业
573,联合・畔上居,田园,拱墅拱墅区半山镇广济路和虎山路交叉口,普通住宅,386,60000O,25000O,,毛坯,1.6,30.00%,306,,
574,昆盛肖邦,九堡,九堡镇九环路与华康巷交叉口向南200米,普通住宅,1238,194193O,62475O,,毛坯,待定,30.00%,900,2.25,西房物业
576,万科北宸之光・拱宸,良渚新城,冯家浜路和上园路交叉口东南角,普通住宅,824,114527O,36275O,70年,精装,2.3,30.00%,754,待定,杭州万科物业服务有限公司
578,招商九龙仓・学院北麓,申花,拱墅区莫干山路与留祥路交叉口,普通住宅,1236,173731O,41641O,70,毛坯、精装修,3,30.00%,1118,2.25,招商局物业管理有限公司
583,佳兆业西溪璞园,五常西溪,杭州西溪印象城西南面,普通住宅,1283,200000O,70000O,70年,毛坯,1.9,30.00%,,,佳兆业物业
596,尚城墅,滨江,新和路西浦路西南,普通住宅,188,待定,20416O,70,毛坯,1.2,30.00%,208,,
610,万科・公园大道,城东新城,江干区机场路同协路交汇处,普通住宅,1422,200000O,68000O,70年,精装,2.2,30.00%,1294,,
613,经建・绅世郡园,临平新城,杭州市星桥藕花洲大街西段南侧、苏家河东侧,普通住宅,663,113568O,56840O,70年,毛坯,1.4,30.00%,627,1.68,金都物业
615,德信海德公园,良渚新城,杭州东吴路与良运街交叉口,普通住宅,1434,202714O,63677O,70年,毛坯,2.2,30.00%,,待定,盛全物业服务股份有限公司
616,佳源・未来府,未来科技城,余杭镇凤凰山路与安乐路交叉口,普通住宅,1216,164051O,35886O,70年,毛坯,3.6,20.00%,866,待定,佳源物业
617,滨江旭辉・万家之星,良渚新城,东至锦江路，南至郁宅港，西至彩虹河，北至郁宅路,普通住宅,512,78109O,24596O,70年,毛坯、精装,2.2,30.00%,580,待定,杭州滨江物业管理有限公司
623,滨江江南之星,北干街道,博奥路与建设一路交汇处,普通住宅,2352,347390O,90600O,70年,毛坯,2.8,30.00%,,,
624,中国铁建・西湖国际城,三墩,西湖紫金港北路延伸段（张家洋路与东陈路交叉口）,普通住宅,1736,252863O,60777O,70年,毛坯,2.9,30.00%,1876,,中铁建（北京）物业管理有限公司
628,顺发旭辉・国悦府,北干街道,萧棉路与市心路交叉口向西100米,普通住宅,378,98321O,55370O,70年,毛坯,1.7,30.00%,425,3.3,上海永升物业有限公司
635,绿城・桃李春风,青山湖,杭州市文一西路以西，青山湖科技大道,普通住宅,2000,260000O,610000O,70年,精装,0.4,36.00%,2200,,
646,丰隆・百翘香江,下沙,下沙经济技术开发区云涛北路与凌云街交汇处,普通住宅,593,84411O,22161O,,毛坯,2.8,30.00%,490,2.25,南都物业
649,东方一号,萧山,建设一路与宁东路交叉口，北靠建设一路，南面是北塘路，紧邻东宁路,普通住宅,487,67511O,30687O,70年,精装,2.2,45.00%,500,,中奥物业
651,西岸1872,江北,江北湾头大桥东南侧靠近大闸路,普通住宅,615,143134O,46900O,70年,毛坯,2.2,28.00%,800,2.47,招商局物业公司
661,万科杭宸,良渚新城,杭行路好运路交叉口,普通住宅,826,84333O,38333O,70年,精装,2.2,30.00%,01:01.1,,万科物业
671,众安学君里,闲林,余杭区天目山西路与东西大道交汇处,普通住宅,1284,196805O,52359O,70年,毛坯,2.8,30.00%,,,
675,融创・涌清府,钱江新城,江干区运河东路和严家弄路交叉口,普通住宅,342,48994O,18844O,70年,精装,2.6,30.00%,,,
679,上实海上海,良渚新城,余杭古墩路与金汇南路交汇处,普通住宅,1525,220000O,68364O,70年,"毛坯,公共部分精装修",2.3,30.00%,1697,2.1,绿城物业服务集团有限公司
681,大家绿城・金麟府,城北,杭州市拱墅区上塘路与湖州街交界处东南角,普通住宅,928,待定,49923O,70年,精装,2.7,30.00%,1400,,绿城物业服务集团有限公司
686,碧桂园・西江月,申花,杭州学院北路与润园街交叉口东侧,普通住宅,351,72816O,18728O,70年,,2.4,30.00%,01:01.2,,碧桂园物业
687,金地・西溪风华,未来科技城,余杭区五常街道常二路与方桥路交叉口西北侧,普通住宅,484,109582O,45862O,70年,毛坯,1.5,30.00%,650,,金地物业
692,新城香悦公馆,北干街道,萧山区金城路与通惠中路交叉口向东约300米,普通住宅,1714,300000O,86118O,70年,高层、小高层：精装；排屋：毛坯,待定,30.00%,2025,待定,新城物业
694,香港兴业・耦园,未来科技城,杭州文二西路转入荆长大道（五常小学旁）,普通住宅,396,100000O,51368O,70年,毛坯,1.2,30.00%,,多层：1.68；排屋：5.6,绿城物业
695,滨江保利・翡翠海岸,钱江新城,秋涛路近江路口,普通住宅,741,178608O,35958O,70年,,3.4,30.00%,1086,,
697,祥生・云浦新语,之江转塘,之江国家旅游度假区科海路与周二路交叉口,普通住宅,462,78000O,30000O,70年,精装,1.7,30.00%,535,,
701,旭辉滨江・东方悦府,湘湖新城,湘西路与西兴路交叉口东侧,普通住宅,740,105924O,48879O,70年,毛坯、精装修,2,30.00%,704,,
702,钱江・彩虹府,之江转塘,西湖区科海路与袁浦路交叉口,普通住宅,587,85734O,31608O,70年,精装修,1.7,30.00%,651,待定,杭州彩虹物业管理有限公司
703,越秀・亲爱里,普福牛田,西临六号港，东至九环路，北起九源路，南接艮山东路,普通住宅,527,77830O,23592O,70年,精装修,2.4,30.00%,606,待定,待定
704,融创・溪涧堂,五常西溪,余杭区宋家湾路与丰岭路交汇处,普通住宅,252,54096O,20680O,70年,毛坯,1.5,30.00%,350,,
706,祥生群贤府,崇贤,余杭区崇贤街道崇杭街与崇明路交叉口,普通住宅,1249,207772O,67137O,70年,精装,2,30.00%,1451,待定,祥生物业
709,融信萧山公馆,萧山,萧山区市心中路与规划彩虹快速路交叉口（银隆百货后）,普通住宅,543,131812O,41642O,70年,毛坯,2.2,30.00%,849,,
710,融信保利・创世纪,钱江世纪城,奔竞大道与民和路交汇处（地铁2号线盈丰路站南230米）,普通住宅,1348,169736O,60620O,70年,精装,2.8,30.00%,1628,,
713,龙湖天璞,钱江世纪城,杭州萧山区奔竞大道与金鸡路交叉口,普通住宅,981,180000O,50000O,70年,精装修,2.8,30.00%,1263,,龙湖物业
715,西房・拱宸外滩,崇贤,崇贤街道崇杭街与崇昌路交叉口西南角,普通住宅,1334,197403O,54899O,70年,,2.5,待定,,,杭州西开发物业管理发展有限公司
716,保利融信大国Z,萧山经济技术开发区,杭州萧山区市心北路与建设一路交汇处东侧200米（地铁2号线建设一路站）,普通住宅,769,160500O,42709O,70年,高层精装修，排屋毛坯,2.5,30.00%,,,
717,新城湾上风华,长睦,杭州市江干区华鹤街与天山路交叉口西侧,普通住宅,918,124437O,39578O,70年,毛坯,2.2,30.00%,955,待定,新城悦物业
718,碧桂园・天麓府,南部卧城,杭州市萧山区蜀山路与亚太路交汇处,普通住宅,1272,210000O,59494O,70年,毛坯,2.4,30.00%,,,融信物业
722,绿城九龙仓・桂语江南,萧山,杭州博奥路与建设二路交叉口,普通住宅,576,106000O,27000O,70年,精装、简装、毛坯,2.7,30.00%,781,待定,绿城物业
725,万科劝学里,良渚,良渚东西大道北、风情大道西,普通住宅,929,133496O,78527O,70年,精装修,1.7,33.00%,1445,3.3（含能耗）,万科物业管理公司
727,景瑞・天赋,钱江世纪城,杭州市博奥路与扬帆路交汇处（东南区）,普通住宅,530,114037O,32666O,70年,精装,2.2,30.00%,869,待定,上海景瑞物业管理有限公司杭州分公司
739,湖景居,下沙金沙湖,杭州市江干区下沙七格路与天城东路交叉口,普通住宅,490,59934O,18324O,70年,毛坯,2.4,30.00%,,待定#物业公司：#浙江开,浙江开元物业管理股份有限公司
743,天城府,城东新城,石桥路与新风路交叉口东南方向,普通住宅,1786,281703O,66898O,70年,精装,2.7,30.10%,1689,2.25,加拿大高力物业公司
745,北大资源未名府,未来科技城,杭州市未来科技城荆长大道和海曙路交叉口,普通住宅,977,190000O,60000O,70年,毛坯,2.1,30.00%,,,
747,西房・余杭公馆,闲林,杭州市安乐路与禹航路交汇处西北角,普通住宅,518,59862O,26027O,70年,,2.3,30.00%,776,,杭州西开发物业管理发展有限公司
750,合景映月台,未来科技城,杭州市未来科技城溪望路良睦路交叉口,普通住宅,1928,340693O,142133O,70年,全装修,1.5,30.00%,2193,,广州市宁骏物业管理有限公司（杭州分公司）
754,中骏・钱塘御景,钱江世纪城,杭州耕文路和纬十一路交界处,普通住宅,1210,181525O,55733O,70年,毛坯,2.5,30.00%,1285,,世邦泰和物业管理有限公司
756,天阳・武林邸,申花,莫干山路与登云路交叉口向北300米,普通住宅,531,92353O,24541O,70年,精装修,2.7,30.00%,680,未定,天阳&万科物业
759,华夏四季,未来科技城,余杭塘路与荆长大道交汇处,普通住宅,1452,177801O,107424O,70年,精装修,2.4,30.00%,1679,,
763,朗诗熙华府,市中心,下城东新路东（杭氧厂旧址南侧）,普通住宅,1140,140000O,41055O,70年,精装修,2.2,30.00%,1:01,待定,待定
765,杭钢紫元・旭润和府,崇贤,320国道与运河路交叉口,普通住宅,824,123284O,34398O,70年,毛坯,2.5,30.00%,760,1.68,待定
179,太守名府,慈溪,余姚北滨江路和中山路交叉口,普通住宅，别墅,345,110000O,40000O,70年,毛坯,1.7,31.00%,,,
377,保亿・丽景山,仓前,余杭文一西路上仓路南,"普通住宅,别墅",1050,250000O,127066O,70,毛坯,1.2,30.00%,暂无资料,1.7,保亿物业
379,东海・闲湖城,闲林,天目山西路闲林镇东侧,"普通住宅,别墅",8000,1000000O,800400O,70,毛坯,1.2,35.00%,6400,排屋3.5,杭州东海物业有限公司
443,绿都御景蓝湾,湘湖新城,杭州绕城南线义桥出口南1km处,"普通住宅,别墅",4302,700000O,248123O,70年,毛坯,2.2,30.00%,,,
668,新城oZ,未来科技城,文二西路与常二路交叉口,"普通住宅,别墅",459,75724O,33598O,70年,毛坯,1.5,30.00%,,,江苏新城物业服务有限公司
14,武林外滩,市中心,文晖路与河东路交叉口西北侧,"普通住宅,公寓",374,110477O,29335O,70年,精装,3.1,25.00%,468,6,上海高力国际物业服务有限公司
50,杭房・东方御府,钱江新城,凤起东路与车站南路交叉口西南,"普通住宅,公寓",442,32745O,148827O,70年,毛坯,3.2,30.00%,867,,南都物业
76,万科・西庐,蒋村西溪,西湖区文一西路崇义路交叉口紫霞街向西300米万科西庐销售展示中心,"普通住宅,公寓",1428,220000O,75998O,70年,精装,2,30.00%,待定,,暂无资料
96,金昌春和钱塘,钱江世纪城,萧山区钱江世纪城飞虹路（外环西路）与民和路交叉口西面,"普通住宅,公寓",1111,170000O,42238O,70,毛坯,2.8,35.00%,1128,,世邦魏理仕(前期物业顾问)
107,郡原・相江公寓,九堡,艮山东路九堡镇南片区丽江公寓东侧,"普通住宅,公寓",2000,350000O,88000O,70,毛坯,3,40.00%,2000,2.5,浙江绿城物业管理有限公司
121,信宇・锦润公寓,城东新城,江干区机场路以西，新风路以北,"普通住宅,公寓",665,99000O,30000O,70,毛坯,2.4,30.00%,600多,待定,待定
186,保利・梧桐语,普福牛田,红普路和九洲路交界处西侧,"普通住宅,公寓",1000,150000O,42173O,70年,毛坯,2.4,30.00%,900,,保利物业
208,康恒・悦麒美寓,九堡,江干杨公路（杨公路与九盛路东侧，绿城丽江公寓西侧）,"普通住宅,公寓",1500,278000O,84000O,70,毛坯,2.5,30.00%,车位配比：1:0.8,1.75,浙江绿城物业管理有限公司
329,融创金成・西溪海,闲林,文二西路绿汀路以南，和睦湿地旁,"普通住宅,公寓",900,126036O,41947O,70,毛坯,2.4,34.00%,871,1.8,杭州金成物业公司
393,中和・北宸府,崇贤,余杭余杭区崇贤镇，西至尚德路，北至崇文街,"普通住宅,公寓",966,136218O,42565O,70,精装,2.5,30.00%,700,,合创物业
401,经纬美耀湾,临平新城,星桥街道(庆子型南侧、上塘河北侧、星韵路东侧、星源路西侧),"普通住宅,公寓",530,118436O,70917O,70,毛坯,1.3,32.00%,686,0.96,杭州余杭经纬物业管理有限公司
425,信达・柳郡,瓶窑仁和,余杭新104国道与华兴路交叉口的南面,"普通住宅,公寓",1100,110000O,60000O,70,毛坯,2,30.00%,1000,1.1,建龙物业管理有限公司
439,钱塘一品,大江东,大江东新城核心区，河庄大道与江东大道交叉口东南角,"普通住宅,公寓",751,134000O,43910O,70年,毛坯,2.8,30.00%,735,,暂无资料
480,景瑞・御蓝湾,老余杭,余杭区禹航路5号,"普通住宅,公寓",1575,204209O,68342O,70年,毛坯,2.3,30.00%,地上219，地下1143,,景瑞物业
5,天阳观筑,丁桥,丁桥勤丰路与环丁支路交叉口东北方向,"普通住宅,公寓,别墅",930,120000O,40508O,70,毛坯,2.2,30.00%,暂无信息,1.2,天阳物业有限公司
66,天阳云筑-云墅,之江转塘,西湖区之江320国道南，转塘区域，鸡山路八角路交叉口东北侧,"普通住宅,公寓,别墅",493,90000O,29844O,70,毛坯,2,30.00%,522,1.75,浙江天阳物业管理有限公司
345,保亿・风景晨园,临平新城,杭海路地铁1号线翁梅站出口向北300米,"普通住宅,公寓,酒店式公寓",1370,155447O,57573O,住宅70年，酒店式公寓40年,"毛坯,精装",2.7,30.00%,1394,,浙江保亿物业管理有限公司
255,广宇・上东城,丁桥,江干区紧邻勤丰港及丁桥港,"普通住宅,公寓,商铺",1000,410000O,128000O,70,毛坯,2.4,30.00%,3000,1.5,杭州广宇物业管理有限公司
221,协安・蓝郡,三墩,良渚镇金家渡区块金昌路与古墩路交界处东北面,"普通住宅,公寓,商住",600,200000O,58386O,70年,毛坯,2.5,30.00%,约1200个,0.96,杭州运河协安置业有限公司
538,莱茵旺角七号,临平北,东湖北路与星光街交叉口往北50米,"普通住宅,建筑综合体",433,97216O,27383O,70年,毛坯,2.5,25.10%,,,
566,恒大水晶国际广场,之江转塘,西湖区之浦路与枫桦路交叉口往南100米处,"普通住宅,建筑综合体",1412,180000O,90000O,70年,精装修,待定,30.00%,1922,,上海金碧物业管理有限公司
358,东田怡丰城,临平新城,东至翁乔路，南至天万路，西至杭海路，北至一号路,"普通住宅,酒店式公寓,商铺",2200,200000O,46470O,70年,毛坯,3,20.00%,1300,,
207,天阳・九筑,九堡,江干科技园区九环路与九昌路交叉口西北方,"普通住宅,商铺",900,140000O,46428O,70,毛坯,2.2,30.00%,860,1.75,天阳物业有限公司
234,融创・瑷骊山,之江转塘,之江国家旅游度假区象山路西,"普通住宅,商铺",835,126835O,70464O,70,毛坯,1.9,30.00%,830,2.25,融科务业管理
244,爱尚里,三墩,三墩小学西侧（振华路与吉鸿快速路的东南侧）,"普通住宅,商铺",633,74667O,16476O,40年,精装,3,25.00%,401,,宁波新日月酒店管理服务有限公司
459,水乡华庭,塘栖,位于塘栖镇人民路与广济路交叉口西北侧（塘栖汽车站旁）,"普通住宅,商铺",456,66821O,20617O,70年,毛坯,2.8,30.00%,429,1,浙江天一物业管理有限公司
731,新城・香悦半岛,南部卧城,萧山晨晖路与育才路交叉口,"普通住宅,商铺",947,167774O,44048O,70年,毛坯,2.8,30.00%,1177,,江苏新城物业服务有限公司（杭州分公司）
122,玲珑府,滨江,西兴路以西，滨康路以北，固陵路以东,"普通住宅,商住",778,165233O,43359O,70年,毛坯,2.4,30.00%,暂无信息,,暂无信息
198,合景叠彩园,未来科技城,未来科技城溪望路阿里巴巴淘宝城南面,普通住宅、别墅,559,88566O,38796O,70年,毛坯,1.5,30.00%,660,,自有物业
724,旭辉和昌・都会山,萧山,萧山区博奥路与奔竞大道交叉口,普通住宅、酒店式公寓,1795,127267O,29784O,40、70年,精装,2.9,30.40%,955,待定,上海永升物业管理股份有限公司
555,大家・运河之星,运河新城,丽水北路与郁世门路口东南,普通住宅、商铺,1454,182067O,53427O,70年,毛坯,2.5,30.00%,1218,0.01,大家物业
700,旭辉运河悦章,崇贤,崇贤街道丽水北路西侧、崇杭街南侧,普通住宅、商铺,884,119020O,35308O,70年,毛坯,2.5,30.00%,802,,上海永升物业管理有限公司余杭分公司
579,绿地华家池印,市中心,环城北路东2800米,普通住宅、商业、办公楼,953,300000O,71200O,70年,精装修,3.2,30.00%,1285,5,1285
341,华鼎君临天o,临平新城,临平新城南大街西侧，海澜半岛北,普通住宅别墅,531,110000O,33000O,70年,毛坯,2.4,31.60%,,,
442,科尔世纪外滩,钱江世纪城,萧山宁围镇顺坝围垦，东、南至国际水城公园，西至杭州景海湾,普通住宅别墅,1356,290000O,150000O,70年,毛坯,1.3,45.00%,1440,,科尔物业
581,东晖龙悦湾,超山,临平街道五洲路以西09省道以北,普通住宅别墅,1623,338369O,105665O,70年,毛坯公共部分精装,2.1,30.00%,1550,,绿城物业
551,龙湖・春江郦城,滨江,杭州市滨江区江南大道与江虹路交叉口西南面,普通住宅建筑综合体,1685,600000O,128383O,住宅70年，商业40年大产权房,毛坯,3,30.00%,1803,,龙湖物业
470,宝丽金庭,塘栖,塘栖镇塘栖路与绿荫街口西北,普通住宅酒店式公寓,317,45762O,13283O,70年,毛坯,2.6,30.00%,1:01,1.68,浙江开元物业服务有限公司
339,奥克斯缔逸城,良渚新城,东至古墩路、南至庄墩路、西至吴家坪路、北至规划支路,普通住宅写字楼,1092,210761O,59111O,70年,毛坯,2.6,30.00%,,,
537,赞成・首府,临平新城,临平世纪大道与望梅路交叉口西南侧,普通住宅写字楼商铺,1700,276010O,82982O,70年,毛坯,2.4,30.00%,1900,,
604,杉杉・恒和依山郡,径山,余杭区径山镇新207省道西侧（过长乐大桥往西约1分钟车程）,潜山别墅、隐逸谷公寓、乐邑公寓,884,260000O,140493O,70年大产权房,毛坯精装,0.8,54.50%,640,,南都物业
327,新湖果岭,仓前,文一西路与东西大道交叉口南侧,山地联墅、山景公寓,3800,400000O,360668O,70,毛坯,1,36.00%,车位配比：1:1,2,浙江新湖物业管理有限公司
127,万科坤和・玉泉,西溪留下,西湖区西溪路与杨梅山路交汇处（求是小学正南）,"山景公寓,院落排屋",856,127585O,76074O,70年,精装修,1.7,30.00%,,,万科物业
721,钱塘ONE,之江转塘,西湖区之江国家旅游度假区枫桦东路与梧桐路交叉口,商办、写字楼,966,233623O,97045O,40,精装修、毛坯,1.6,35.00%,,,
375,盛奥西溪铭座,五常西溪,余杭杭州未来科技城核心区域，文一西路北，荆长路与红卫路交叉口,商铺、写字楼,900,135880O,35267O,50,毛坯、简装修,3,25.00%,1410,0.01,公元物业
484,城市e谷,临平新城,宁桥大道与兴国路交叉口东北向,商务办公别墅、酒店式公寓、写字,500,99116O,37407O,40,毛坯,1.8,15.90%,200,,
56,野风・现代中心,市中心,绍兴路与东新路交叉口西面,商务楼、写字楼、酒店,500,120000O,15578O,50,精装,5.5,30.00%,551,6.8,戴德梁行
473,正易国际,良渚新城,杭州余杭农副产品中心博园路,商务综合用房,438,85666O,9660O,40,毛坯,1.5,14.30%,1100,1.2,
525,安居临江金座,钱江新城,杭州市上城区衢江路1号（之江路衢江路交叉口）,商业,194,50000O,11891O,40年,精装,3.1,25.00%,约300个,,安嘉物业
690,绿城运河郡,桥西,拱墅小河路以东、昼锦街以南、运河天地以北,商业、酒店式公寓,1200,160000O,30449O,40年,精装修,3.5,25.00%,560,,蓝城物业
372,众安启航社,湘湖新城,萧山闻堰镇三江路与闻兴路口西北面，闻堰镇小学对面,商业用地,724,220000O,89173O,40年,毛坯,2.4,31.30%,899,1.8,杭州萧山众安物业管理有限公司
526,东亚新干线,城东新城,江干区天成路与明月桥路交叉口东南角,商业综合体,1882,130247O,23660O,40年,精装修,3.8,25.00%,,,
544,太平洋银座,城东新城,杭州市江干区东宁路东港嘉苑对面（火车东站东广场北侧）,商业综合体,494,59648O,11791O,40年,毛坯,3.5,待定,,,
672,华元西溪欢乐城,闲林,杭州余杭区五常大道华丰路口,商业综合体,1300,189570O,46639O,40年,毛坯、精装修,3,20.00%,1548,3.5,杭州华元物业管理有限公司
492,龙湖・滨江天街,滨江,杭州市滨江区江南大道与江虹路交叉口,商业综合体销售型商铺,100,600000O,128383O,40年,毛坯,3,待定,1803,,龙湖物业
11,三江国际・御湘湖,湘湖新城,湘湖旅游度假区内,商住,118,52922O,35782O,40年,毛坯,1.8,36.10%,270,6.6,高力国际
21,武林华府,市中心,拱墅区湖墅南路与密渡桥路交叉口,商住,75,8065O,3786O,70,毛坯,1.4,25.00%,36,0.01,浙江九洲物业管理有限公司
83,钱江・西溪和景,西溪留下,西湖西溪路537号,商住,400,40610O,93451O,40,"毛坯,精装修",1.4,29.50%,454,,彩虹物业
479,汇禾・领府,三墩,西湖苏嘉路与西陈路交叉口东南侧,商住公寓、大平层公馆,1185,138000O,30500O,50,毛坯,3.5,30.00%,666,,
88,中天・MCC,市中心,文一西路与古翠路交叉口，文一西路通普路口往北，余杭塘河以南,写字楼,787,49351O,13711O,40,毛坯，公共部分精装,3.6,25.00%,暂无信息,,暂无信息
214,宏扬鲲鹏中心,钱江世纪城,"庆春路过江隧道出口以南,市心北路857号",写字楼,68,59446O,9967O,大产权房,,4.2,23.00%,420,,
491,御金台国际中心,钱江世纪城,庆春过江隧道南口西侧平澜路与民和路交汇处,写字楼,166,104330O,11789O,40年,毛坯,6,30.00%,575,3.2,绿城物业
496,华联星光时代,滨江,闻涛路以南，滨盛路以北，光辉路以东，星飞路以西,写字楼,192,220000O,26386O,40年,精装,4.3,15.00%,1465,,
534,宋都时间国际,城东新城,德胜快速路以南，杭州东站以北,写字楼,1040,64222O,16444O,大产权房,,3,25.00%,426,,宋都物业
600,保亿中心,钱江世纪城,钱江世纪城奔竞二路与民和路交叉口,写字楼,212,160780O,17157O,40,公共部位五星级精装标准,7,41.30%,800,8,浙江保亿物业管理有限公司
758,三花国际,城东新城,杭州市江干区明月桥路、鸿泰路交汇处（地铁1、4号线彭埠站A出口）,写字楼,1000,136502O,25137O,40年,精装,3.5,15.00%,866,待定,绿城物业
761,绿谷・杭州东部创新中心,普福牛田,德胜快速路与红普路交叉口,写字楼,609,300000O,70000O,40年,核心筒及大堂精装修,2.7,25.00%,1700,5.5,绿城物业
279,众安嘉润公馆,钱江世纪城,钱江世纪城射潮路以南，奔竞一路以东,"写字楼,酒店式公寓,建筑综合体",200,328378O,39060O,40年,精装,6.1,35.00%,2057,3.5,浙江众安物业服务有限公司
129,恒祺克拉天玺,城东新城,天城路与东宁路交叉口东,"写字楼,酒店式公寓,商铺",960,160000O,32000O,40年,装修,3.5,25.00%,,4,南都物业
406,美达晓城天地,下沙金沙湖,金沙大道和银沙路交汇处西北面,"写字楼,酒店式公寓,商铺",590,161444O,30446O,,精装,3.6,20.00%,956,,杭州中正物业
420,郡原蓝湖国际,下沙金沙湖,下沙天城东路与幸福南路交叉口西南侧,"写字楼,酒店式公寓,商铺",700,150000O,29161O,40年,精装,3.5,30.00%,1136,2.8,浙江盛全物业管理有限公司
575,杭州高德置地广场,钱江新城,钱江新城解放东路45号,"写字楼,酒店式公寓,商铺,建筑综合体",160,410000O,37000O,40年,精装,8,15.00%,1818,,
599,TIME国际,下沙金沙湖,杭州经济技术开发区金沙大道与幸福路交叉口西北侧,"写字楼,酒店式公寓,商铺,建筑综合体",648,124750O,20098O,40,精装,待定,15.00%,678,2.8,浙江南都物业管理有限公司
409,中豪・七格,下沙金沙湖,杭州下沙路与下沙南路交叉口,写字楼，商业、住宅,655,140000O,29301O,40年,毛坯,3.5,20.00%,886,2.8,中豪物业
543,华联钱塘公馆,钱江新城,钱江新城剧院路99号,写字楼，商业、住宅,71,62365O,12000O,50年,毛坯,3.5,25.00%,267,12.5,新昌管理
416,西溪润景,五常西溪,文一西路延伸段，西临创意路，北临创意二路,写字楼、商铺,560,60494O,13334O,50,毛坯,3,25.00%,570,,待定
738,西溪银泰城,蒋村西溪,西湖区文一西路与崇仁路交叉口北200米（双龙路与崇仁路交汇处）,写字楼、商铺,647,300000O,71334O,40年,毛坯,2.4,15.00%,2400,待定,待定
181,东方时代中心,城东新城,东至石桥路，南至规划道路，西至三里新城橘园，北至顾家畈路,写字楼、商铺、商住,1045,119351O,22620O,40年,精装修,3.5,25.00%,800,3.8,绿城物业
350,柳桥南和城,南部卧城,市心南路晨晖路交汇处西南侧,写字楼、综合体,460,150000O,31332O,,,4.5,31.00%,1100,,
512,融创・杭州印,滨江,滨江江晖路东面，闻涛路南面,写字楼酒店式公寓建筑综合体,600,154183O,10418O,40年大产权,精装,10.5,20.00%,911,,
527,绿城蒲公英天地,下沙大学城北,2号大街（学府路）与文海南路的交叉口,写字楼商铺,960,160152O,74933O,写字楼50年，商铺40年,毛坯,1,31.00%,,,
605,中赢・康康谷,滨江,江汉路和春晓路交汇处,写字楼商铺,620,129210O,25887O,40年,装修,3.5,25.00%,1000,,
642,六和云,之江转塘,之江度假区科海路与浮山西路交界处市委党校对面,写字楼商铺,146,72855O,25259O,40年,毛坯,2,30.00%,414,3,
90,九龙仓碧玺,桥西,拱墅杭印路6号小河路杭印路交汇处,洋房、公寓,1600,225000O,85000O,70,精装、毛坯,2.1,30.00%,暂无资料,5.2（含能耗）,无锡九龙仓物业管理有限公司
10,通和波士顿公寓,星桥,星桥街道星都大道与东港路交叉口,住宅,804,280000O,140000O,毛坯,,1.2,31.00%,1599,,南都物业
15,绿城・兰园,市中心,下城环城北路57号、环城东路353号,住宅,960,220000O,50000O,70,全装修,2.8,30.00%,01:01.2,4,绿城物业服务集团有限公司
16,大家・武林府,市中心,西邻西湖文化广场，南近深蓝广场，东邻上塘路,住宅,200,140000O,22785O,70,精装,3,30.00%,车位配比：1:1.2,7.5,杭州大家物业管理公司
18,滨江・城市之星,钱江新城,江干城星路（城星路与钱江路交界处）,住宅,810,225000O,47455O,70,精装,4.6,40.00%,车位比近1：2,4.6,杭州滨江物业管理有限公司
19,昆仑公馆,市中心,武林核心区长板巷99号,住宅,680,200000O,40858O,70,精装,3.2,30.00%,694,3.8,昆仑物业管理有限公司
23,新华园,市中心,拱墅杭州武林广场北，湖墅南路与叶青兜路交汇处,住宅,533,140000O,36000O,70,毛坯、精装修,2.4,30.00%,994,3.8,浙江绿城物业管理公司
24,新湖・武林国际公寓,市中心,下城环城北路167号（杭州武林门商圈）,住宅,400,129000O,26256O,70,精装修,3.2,20.00%,01:01.7,5.8,新湖绿城物业
26,雅戈尔・御西湖,市中心,西湖区学院路216-218号,住宅,618,120000O,36131O,70,"毛坯,精装修",2.6,30.00%,618,2.8,雅戈尔物业
35,钱江水晶澜轩,滨江,滨江火炬大道以东，闻涛路以南，滨盛路以北,住宅,256,127337O,26085O,70,精装修,2.5,30.00%,491,,杭州彩虹物业管理有限公司
54,赛丽绿城・慧园,申花,拱墅丰潭路与方家北路交叉口东北角,住宅,554,113000O,33335O,70,精装修,2.4,30.00%,信息待定,4,浙江绿城物业管理公司
86,滨江德信・东方星城,城东新城,杭州环站东路与环站北路交叉口,住宅,1031,170000O,50000O,70年,毛坯、精装,2.6,30.00%,1031,,
105,杭州绿城玉园,临平新城,余杭区临平南苑街道（南临140亩水景公园，北靠人民大道）,住宅,1098,310000O,78667O,70,精装修,3.1,35.00%,1317,2.5,浙江绿城物业管理有限公司
131,万科星空,未来科技城,杭州市常二路与海曙路交汇处,住宅,434,43650O,21760O,70,精装修,2,30.00%,466,1.68,万科物业
134,得力名门世家,南部卧城,潘水路与崇化路交界处东北侧,住宅,1352,210000O,95296O,70,毛坯,1.6,30.00%,1434,4,绿城物业
136,方正・荷塘月色,祥符,拱墅总管路（与祥园路交叉口）,住宅,900,137000O,52793O,70,毛坯,2.6,30.00%,900,1.75,中意物业
145,金地・自在城,三墩,西湖三墩镇金渡北路（东至通济路，南至金渡北路）,住宅,1500,850000O,364000O,70,"毛坯,精装修",1.1,30.00%,01:00.7,2,金地物业管理有限公司
151,杨柳郡,普福牛田,地铁一号线七堡地铁口,住宅,4800,800000O,293354O,70年,精装修,1.8,38.50%,,,
156,大家・之江悦,之江转塘,之江西湖区之江度假区枫桦西路与碧波路交叉口西南角,住宅,500,110000O,39000O,70,毛坯,1.8,30.00%,600,2.95,暂无资料
158,朗诗・田园绿郡,田园,拱墅广济路南侧（广济路和笕桥路交汇处田园区块）,住宅,500,50000O,27550O,70,全装修,1.8,30.00%,车位配比：1:1,2.3,朗诗物业管理有限公司
159,德圣博奥城,萧山老城区,萧山经济开发区青年路建设二路交界处东北侧,住宅,1200,180000O,53333O,70,毛坯,2.5,30.00%,,1.95,杭州开元物业服务有限公司
167,绿城西子・田园牧歌,田园,拱墅建工路26号（320国道以东，临丁路以西）,住宅,1000,300000O,204000O,70,"毛坯,精装修",2,30.00%,1000,2.8,绿城物业服务集团有限公司
169,绿都四季华庭,南部卧城,南部卧城核心区块，西靠育才南路，南临规划路,住宅,1800,250000O,74000O,70,毛坯,2.8,30.00%,1499,2.8,杭州金域物业服务有限公司
182,绿都南江壹号,萧山老城区,萧山主城区高桥路与晨晖路口南面,住宅,500,125000O,52000O,70年,毛坯,1.6,30.00%,859,,
183,龙湖旭辉・春江悦茗,萧山,杭州市月明路东,住宅,1131,144000O,40000O,70年,毛坯,2.8,30.00%,1225,待定,龙湖物业
191,阳光郡,三墩,拱墅莫干山路与长青路（广业街）交界处,住宅,2239,350741O,101146O,70,毛坯,2.6,30.00%,2184,1.75,浙江南都物业管理有限公司
196,中天・九溪诚品,之江转塘,杭州之江国家旅游度假区枫桦路和文景路交汇口,住宅,1085,155496O,54776O,70年,精装修,1.9,30.00%,,,中天物业
197,五迪中心,未来科技城,余杭区未来科技城海曙路（余杭塘路）与桃花港路交界口,住宅,594,33743O,9141O,,精装,2.6,25.00%,262,待定,待定
201,开元名郡,南部卧城,萧山区晨晖路广仁小区以南（蜀山路以西）,住宅,1531,248163O,77560O,70,毛坯,2.5,30.00%,1551,待定#物业公司：#浙江开,浙江开元物业服务有限公司
217,德信・北海公园,祥符,拱墅东至杨家浜路，南至祥富路，西至东吴路，北至十字港河祥园中路,住宅,1000,150000O,38746O,70,公共部分精装,2.8,30.00%,1000,1.75,盛全物业公司
219,交通晓时代,普福牛田,建华路与五号港路交叉口（北）,住宅,561,65751O,22453O,70年,毛坯,2.1,30.00%,412,,浙江南都物业管理有限公司
228,康城一品,临平新城,余杭区临平星河南路以东、世纪大道以北,住宅,1055,260000O,70000O,70,"毛坯,精装修",2.7,35.00%,,2.2,理想四维物业
235,杭钢・尚堂府,运河新城,拱墅拱康路与石祥路交叉口（东北角）,住宅,1036,157545O,42368O,70年,毛坯,2.7,30.00%,998,,
241,宋都・香悦郡,桃源新区,东至依锦路，北至桃源街,住宅,1580,200000O,57383O,70,毛坯,2.7,30.00%,1300,4,宋都物业
243,中国铁建万科・江湾城,湘湖新城,杭州市萧山区时代大道上东方文化园向南1.5公里,住宅,2038,267586O,103740O,70年,装修,2.5,30.00%,2254,2.7,万科物业
256,天鸿・香榭里,祥符,拱墅东至通益路，南至祥运路，西至总管路，北临十字港河,住宅,1000,136000O,37333O,70,毛坯,2.6,30.00%,855,2.25,暂无资料
258,广宇・鼎悦府,临平新城,余杭区临平南大街与南苑街(翁梅路)交叉口东侧,住宅,516,115000O,35000O,70,毛坯,2.4,30.00%,630,,暂无资料
259,东海・柠檬郡,下沙,艮山东路以南，幸福河以东,住宅,2550,280000O,86671O,70,毛坯,2.6,30.00%,1400,1.5,杭州东海物业有限公司
264,丰盛九玺,三墩,郑家路（金渡北路延长线）与吉鸿路（紫金港路延长线）交叉口,住宅,1000,250000O,52525O,40,精装修,3.5,30.00%,待定,3,高力国际
265,广宇东承府,丁桥,江干杭州市丁桥勤丰路(广宇上东城对面),住宅,838,151654O,49250O,70,毛坯,2,30.00%,777,2.5,杭州广宇物业管理有限公司
266,昆湖・玺之湾,丁桥,江干笕丁路（笕丁路和规划丁桥东路交叉口，丁桥社区邻里中心）,住宅,1506,176000O,76652O,70,毛坯,2.3,37.20%,1439,1.6,杭州昆湖房地产开发有限公司
285,绿城金昌百合花园,镜湖区,绍兴市镜湖新区解放北路与凤林西路交叉处,住宅,1100,275660O,111154O,70年,毛坯,2.5,40.60%,,2.5,浙江绿城物业管理有限公司
287,昊嘉・雍熙山,临平老城,余杭区临平沿山路与景星观路交界东侧,住宅,698,112547O,42661O,70,毛坯,1.8,30.00%,657,2.2,浙江南都物业物理有限公司
295,滨江东方海岸,湘湖新城,时代大道与湘湖路交界,住宅,1841,218465O,87386O,70,毛坯,1.8,30.00%,2324,,滨江物业
299,祥生・君城,城东,诸暨市滨江北路延伸地段，环城东路东侧,住宅,1574,337022O,134667O,,毛坯,2.5,36.50%,3245,1.8,诸暨市祥生物业管理有限公司
300,鸿迪祥生・城上城,城东,浣东街道，东至东祥路，南临苎萝东路，西至环城东路，北至东二路,住宅,1267,307877O,109381O,,毛坯,2.8,43.00%,,,
302,天都城温莎花园（售罄）,临平新城,余杭区临丁路与欢乐大道，广厦天都城，临上塘河和天都公园,住宅,428,65000O,23000O,70,毛坯,2,48.00%,337,1.8,浙江广厦物业公司
303,顺发康庄,钱江世纪城,萧山经鸿达路达庆春路过江隧道口(利群河以东，萧钱线以南),住宅,970,150000O,82000O,70年,毛坯,2.5,30.00%,1067,,浙江纳德物业管理有限公司
305,万科未来城,良渚新城,疏港路与玉鸟路交叉口西北侧,住宅,1436,192536O,56286O,70,装修,待定,待定,1294,,万科物业
306,浦阳江一号,城东,滨江北路延伸地段，环城东路西侧,住宅,897,92000O,待定,,毛坯,待定,30.00%,,1.45,海亮物业
308,宋都・晨光国际,下沙,下沙新城23号大街（16号大街与23号大街交汇口）,住宅,2500,460000O,120000O,70,毛坯,2.8,30.00%,2797,1.75,宋都物业公司
317,复地又一城,临平新城,余杭区农垦路和杭乔路交叉口东南面,住宅,1223,180000O,50000O,70,毛坯,2.6,38.00%,1078,1.8,上海复瑞管理有限公司
337,天都城・天熙公馆,星桥,杭州市临丁路与欢乐大道交叉口,住宅,948,264734O,86892O,70年,毛坯,3.2,31.70%,1320,1.68,浙江广厦物业有限公司
338,金地艺境,临平新城,东至杭乔路，南至鑫业路，西至翁乔路，北至羊头坝路,住宅,2297,308342O,102428O,70年,毛坯,2.2,30.00%,2462,2.7-3,深圳金地物业服务有限公司
346,朗诗・花漫里,临平新城,乔莫西路旁，地铁一号线乔司站西向300米,住宅,1322,122858O,81905O,70年,毛坯,1.5,30.00%,,,
353,祥生・城市之星,城东,诸暨市城东苎萝东路与外环东路交汇处,住宅,10000,待定,待定,,毛坯,2.5,35.00%,,,
359,光耀Q公寓,湘湖新城,义桥镇东方路88号（东方路与新峡路交叉口西南）,住宅,484,68801O,30969O,70,毛坯,1.9,36.00%,470,1.4,浙江博仕物业服务有限公司
365,泊悦府,老余杭,余杭老余杭镇中心凤都路以北狮山路以西,住宅,815,131208O,47754O,70,毛坯,2,30.00%,793,1.8,蓝盛物业
366,万盛商贸城,塘栖,余杭区钱江经济开发区顺风路与康信路交汇处,住宅,255,64570O,20000O,40,精装修,2.5,20.00%,480,0.6,蓝盛物业
370,科尔南城嘉园,南部卧城,萧山所前镇,住宅,477,61647O,6611O,70,毛坯,3,30.00%,510,2,广东中奥物业公司
380,西溪蓝海,未来科技城,文一西路恒生科技园向南100米,住宅,701,220105O,40557O,70年,毛坯,3.5,25.70%,,0.1,
382,天都城爱尚公寓（售罄）,临平新城,余杭区星桥镇广厦天都城内,住宅,368,52365O,14795O,70,毛坯,2.8,30.00%,201,1.3,浙江广厦物业公司
384,东田・擎天半岛,临平新城,余杭临平星桥板块藕花洲大街（北靠藕花洲大街，南邻临丁路）,住宅,2000,360000O,123095O,70,毛坯,2.2,30.00%,,1.5,浙江南都物业管理有限公司
386,赞成・香颂,临平北,余杭区临平东湖街道顺达路与振兴西路交汇处（绿城蓝庭东侧）,住宅,1850,100000O,42425O,70,毛坯,2.4,30.00%,830,1.75,浙江赞成物业管理有限公司
394,贝利栖溪公馆,塘栖,余杭区塘栖镇广济路（广济路以东，绿荫街以南）,住宅,1605,待定,待定,70,毛坯,2.5,30.00%,1400,0.96,杭州民安物业管理有限公司
400,中铁・逸都,临平北,余杭区临平东湖街道北沙路与荷花路交汇处,住宅,2111,310000O,110000O,70,毛坯,2.2,30.00%,1994,,暂无资料
404,金都・夏宫,临平北,余杭区临平北沙西路（临平星河路与北沙西路交叉口）,住宅,1400,600000O,298048O,70,毛坯,1.6,30.00%,473,2,金都物业管理有限公司
410,金地自在城,柯桥区,绍兴县稽山路与山阴路交汇处（三期）,住宅,1500,待定,待定,70年,毛坯,2.5,28.30%,,2,金地物业
418,景瑞・御江山,城西,东至文种南路、西至宝利路、南至城山路、北至健民路,住宅,1363,202930O,73992O,,,2.3,30.00%,,,
421,广厦天都城・爵士花园（售罄）,临平新城,余杭区星桥镇广厦天都城内,住宅,790,14000O,43000O,70,毛坯,2.4,30.00%,791,1.8,浙江广厦物业公司
422,广厦天都城蓝调公寓（售罄）,临平新城,余杭区星桥镇广厦天都城内,住宅,1165,170000O,42000O,70,毛坯,2.8,30.00%,1040,1.5,浙江广厦物业公司
423,祥生・钱塘新语,下沙大学城北,下沙大学城北启潮路72号,住宅,2310,257585O,99983O,70年,毛坯,2.2,30.00%,1625,,浙江祥生物业服务有限公司
432,五月花城,临平新城,余杭区星桥街道，南沿藕花洲大街，东接白水港，北靠上塘河,住宅,570,112964O,36006O,70,毛坯,2.2,35.70%,636,1.6,杭州德丰物业服务有限公司
466,运河玲珑香榭南苑,临平北,杭州市余杭区临平东湖北路与五洲路交叉口,住宅,564,95447O,26719O,,毛坯,2.5,30.00%,567,0.01,杭州君安物业
472,盈都・君悦,下沙大学城北,高新区栋梁路南侧，创智路西侧,住宅,3424,422953O,124382O,70年,毛坯,2.5,30.30%,3072,,海宁盈都物业服务有限公司
476,耀达金鼎华庭,良渚新城,勾庄农副产品物流中心北，紧邻仁和大道,住宅,1200,125775O,50310O,70,毛坯,2.5,30.00%,554,1.5,杭州耀达物业有限公司
477,润和橙家,下沙大学城北,下沙东北连杭经济开发区文汇北路奥特莱斯以东,住宅,526,待定,19000O,70,毛坯,2.5,30.00%,430,0.01,
483,上亿SOHO,良渚新城,杭州市古墩路延伸段（亿丰最家空间旁）,住宅,810,125041O,4500O,40年,毛坯,2.4,15.10%,,,
488,合景天峻,未来科技城,创景路与余杭塘南路的交叉口（梦想小镇旁）,住宅,1044,143963O,40918O,70年,精装,2.6,30.00%,1202,3.0/O/月,宁骏物业
493,融创大家・侯潮府,钱江新城,上城区钱江路候潮路交叉口,住宅,545,122900O,32221O,70年,精装修,2.5,30.00%,916,5.8,绿城物业公司
497,景瑞曦之湖,越城区,二环西路与山隐新村交叉口（绍兴西站往南200米）,住宅,1968,274487O,85400O,70年,毛坯,2.5,30.00%,1968,1.75,景瑞物业
498,远洋・香奈,丁桥,杭州市江干区杭玻路与笕华路交叉口,住宅,759,100000O,35000O,70年,毛坯,3.1,30.00%,800,,远洋基业物业
499,金地天玺,柯桥区,柯桥群贤路与双亭路口,住宅,220,87329O,450480O,70年,毛坯,2.5,50.00%,,,
501,清华苑,柯桥区,绍兴县平水车站路189号，中心小学对面,住宅,472,59136O,40426O,70年,毛坯,1.5,25.00%,,,
503,金昌白鹭金滩,镜湖区,解放北路延伸段大滩4号地块，104国道北复线,住宅,1800,376810O,150448O,70年,毛坯,1.8,36.00%,,高层:1.30,绍兴县金昌物业服务有限公司
504,金昌香湖岛,越城区,平江路以东，浙东运河以南，现状河道以西，古水道以北,住宅,526,123022O,56922O,70年,毛坯,1.6,30.00%,651,2.5,浙江金昌物业服务有限公司
505,米兰公寓,柯桥区,绍兴县金柯桥大道与裕民路交汇处（金昌中央大厦正对面）,住宅,392,35000O,20000O,70年,毛坯,1.8,35.00%,,,
508,德信浙旅・东宸,城东新城,天城路与环站东路交叉口（东北方向）,住宅,950,119747O,52064O,70年,毛坯,2.3,30.00%,1166,,
509,西溪永乐城,未来科技城,杭州文一西路与景兴路交叉口,住宅,470,165000O,31447O,70年,全装修,3.5,25.00%,1179,,
520,高运高庄,南部卧城,新塘街道南秀路,住宅,850,110000O,42666O,70年,毛坯,待定,待定,,2.5,
539,中天・之江诚品,之江转塘,之江国家旅游度假区创意路与鸡山路西北,住宅,1384,197696O,64053O,70年,毛坯,2,30.00%,1275个,0.01,中天物业
545,越秀星汇尚城,良渚新城,余杭区通运路与锦江路交界处,住宅,1656,167000O,67000O,70,毛坯,2.5,30.00%,,,广州城建开发物业有限公司
547,万科・金辰之光,北干街道,杭州市西兴路与滨康路交叉口西南约400米,住宅,1882,259659O,75454O,70年,精装修,2.8,30.00%,2090,,
552,三江・花园道壹号,申花,拱墅区学院北路与孔雀路交叉口,住宅,513,78471O,22802O,70,毛坯,2.4,30.00%,427,,绿城物业
553,新城・金镶玉,申花,蓝孔雀综合体花园岗路与纺织路交汇处,住宅,225,36078O,11018O,70年,毛坯,2,30.00%,220,2.25,新城物业
580,滨江华家池,市中心,艮山西路与秋涛北路东南角,住宅,683,276501O,47273O,70年,精装,3.2,30.00%,1596,暂无,滨江物业
588,八方・兴盛苑,城东,东一路与东二路之间,住宅,897,127438O,59206O,,,2.3,待定,,,
608,龙元东新府,城北,下城区东新园板块东北角,住宅,566,57861O,25157O,70,毛坯,2.3,28.00%,724,,
609,佳兆业・君汇上品,临平新城,东至东湖路，南至石塘东路，西至规划支路，北至稼东路,住宅,737,73190O,36595O,70,毛坯,2,30.00%,,1.68,佳兆业物业
614,融创时代奥城,钱江世纪城,杭州国际博览中心东280米,住宅,1200,230000O,61871O,70年,精装修,2.7,30.00%,1500,,
618,泰禾・杭州院子,未来科技城,文二西路与常二路交汇处,住宅,373,70535O,69152O,70年,毛坯,1,30.00%,732,,
620,金地大运河府,桥西,通益路与花园岗街交叉口,住宅,593,75000O,27630O,70年,装修,2.8,30.00%,796,,金地物业
621,远洋・万和四季,城东新城,杭州市江干区环站东路与花园兜街交汇处东北侧,住宅,305,39062O,21701O,70年,毛坯,1.8,待定,399,,北京远洋基业物业管理有限公司杭州分公司
625,万科新都会1958,市中心,杭州市下城区胜景路与杭氧街交叉口,住宅,431,83709O,24477O,70年,装修,2.5,30.00%,503,5,万科物业
630,绿城・留香园,钱江新城,杭州市江干区凤起东路与塘工局路交叉口,住宅,1194,238898O,52528O,70年,精装,3.3,30.00%,1762,,绿城物业服务集团有限公司
631,景瑞悦西台,申花,申花路丰潭路交叉口东,住宅,656,102251O,30148O,70年,毛坯、菜单式装修,2.3,30.00%,634,2.8,上海景瑞物业管理有限公司杭州分公司
634,大业・江东府,大江东,义蓬街道办事中心东侧,住宅,965,143663O,47268O,70年,毛坯,2.2,30.00%,,待定#物业公司：#开,开元物业
637,竹径云山,良渚,古墩路与东西大道交叉口西行3公里,住宅,1391,202663O,108069O,70年,精装修,1.3,34.20%,1539,,上海万科物业服务有限公司余杭分公司
647,淮矿・东元府,城东新城,杭州市江干区备塘路与备塘弄交叉路口,住宅,582,85364O,21374O,70年,毛坯,2.8,30.00%,533,2.2,淮矿物业
648,钱塘大观,滨江,闻涛路与六和路交汇处以西,住宅,704,162665O,88330O,70年,毛坯,2.5,45.00%,1023,,
650,天阳・明朗,丁桥,西至丁兰路，北至环丁路，东至采荷二小丁荷校区,住宅,300,40000O,18000O,70年,毛坯,2.3,30.00%,,,
652,水木年华,鄞州,鄞州集市港科创北路与布政东路交叉口,住宅,409,53000O,21905O,70年,,1.8,30.00%,,2.5,
653,格兰郡庭,鄞州,鄞州中心区福明路以东，中塘河以北,住宅,1255,250000O,118600O,70年,精装修,1.4,35.00%,,2.5,宁波中建物业管理有限公司
654,中海国际社区,鄞州,鄞州东至金达南路，南至鄞州大道，西至下应大道，北至纬六路,住宅,6000,980000O,378000O,70年,毛坯,2,30.00%,,2.75,中海物业管理有限公司
655,万科江东府,江东,江东姚隘路与宁徐路交汇处,住宅,814,176000O,66833O,70年,精装修,2,30.00%,1390,3.9,万科物业
656,南塘金茂府,海曙,海曙鄞奉路与尹江岸路交叉口（南塘老街西侧）,住宅,777,158000O,62400O,70年,精装,2.6,30.00%,,3.8,金茂物业
657,绿地海外滩,江北,江北云飞路与北海路交叉处，云飞路以南，南临一线姚江,住宅,1250,260000O,89108O,70年,毛坯,2.4,30.00%,,2.2,新上海物业公司
662,万科溪望,未来科技城,文二西路与高教路口向西约400米,住宅,931,164000O,68771O,70年,精装修,1.5,30.00%,,待定,杭州万科物业服务有限公司
667,万科・郡西澜山,良渚,杭州余杭区良渚文化村春漫里公望会（新街坊）,住宅,950,209671O,102559O,70年,精装,1.3,31.00%,01:01.3,3.5,
669,龙湖・武林九里,丁桥,江干区同协路与华丰路交叉口向东300米,住宅,1714,182678O,79425O,70年,毛坯,2.3,30.00%,1960,,龙湖物业
674,融创・玖樟台,城东新城,杭州市江干区机场路及开创街路口（向西100米）,住宅,845,118294O,53770O,70年,毛坯、全装修,2.2,30.00%,,,
676,中国铁建・保利像素,下沙大学城北,杭州市江干区银海街与千帆路交叉口,住宅,1476,136440O,52477O,70年,全装修,2.6,30.00%,1553,,保利物业
677,九龙仓珑玺,申花,莫干山路与方家埭路交叉口,住宅,482,77446O,18450O,70年,毛坯/精装,2.9,30.00%,553,,龙仓物业管理有限公司
678,广宇万科・公园里,桃源新区,桃源新区桃源中央公园内（沈半路与桃源街交叉口往西约800米）,住宅,1030,103238O,41295O,70年,装修成品交付,2.5,30.00%,,,万科物业
684,滨江大江之星,大江东,萧山江东开发区河庄街道新港路南侧（河庄形象城旁）,住宅,850,138000O,29434O,70年,毛坯,3,30.00%,835,,杭州滨江物业管理有限公司
688,祥生云溪新语,之江转塘,杭州市西湖区之江国家旅游度假区文景路与碧波路交叉口,住宅,386,129000O,49000O,70年,精装,1.8,30.00%,452,2.25,
689,杭州上林院,其他(富阳),杭州市富阳区银湖街道上林路,住宅,1051,400000O,546666O,70年,毛坯,0.4,待定,,3.5,富阳清源物管
693,新天地・金色时光,城东新城,德胜路与石桥路交汇处东南方向,住宅,1721,273961O,83058O,70年,装修、毛坯,2.3,30.00%,1546,,
696,信达滨江・壹品,钱江新城,甬江路和钱江路交叉口,住宅,543,92422O,33008O,70年,,2.8,33.60%,985,6.8,杭州滨江物业管理有限公司
698,万科大家・九都会,其他(富阳),富阳区富春街道公望街和春秋北路交汇处,住宅,448,91292O,30063O,住宅70年、酒店式公寓40年,装修成品,2.2,30.00%,654,物业3.2,万科物业
699,B悦府,萧山,萧山区萧然西路与潘水路交汇处东南角（地铁2号线潘水站旁）,住宅,1002,157565O,57394O,70年,装修、毛坯,2,30.00%,1189,2.8,永升物业
707,融信・江南学府,萧山,萧山区博学路与通惠路交叉口,住宅,1076,190150O,43686O,70年,毛坯,3,30.00%,,,融信物业
714,融创金成・未来海,闲林,文二西路绿汀路以南，和睦湿地旁,住宅,1700,280000O,76000O,70年,毛坯,2.6,30.00%,2000,,
719,阳光城・檀悦,钱江世纪城,杭州市钱江世纪城守信路与扬帆路交叉口,住宅,550,102784O,31721O,70年,精装修,2.2,30.00%,735,,阳光城物业
728,绿城・西溪项目,留下,西溪湿地旁，天目山路389号,住宅,325,91000O,83000O,70年,精装,1.1,30.00%,,,绿城物业
729,阳光城・丽兹公馆,萧山,风情大道滨康路口南向300米,住宅,1979,280000O,65000O,70年大产权,装修,3,40.00%,2099,2.8,阳光城物业
733,滨江・铂金海岸,九堡,之江东路与仁爱路交叉口,住宅,480,94236O,23900O,70年,精装,待定,30.00%,464,,杭州滨江物业
734,十里风荷,闲林,余杭天目山西路与运溪路延伸段交叉口,住宅,245,125333O,36700O,70年,毛坯,0.3,30.00%,,,蓝城物业
735,碧桂园・珑悦,钱江世纪城,文明路与利丰路交叉口,住宅,832,177000O,66667O,70年,毛坯、装修,1.8,35.00%,849,,广东碧桂园物业服务有限公司
740,东南钱江蓝湾,宁围镇,杭州萧山水博大道,住宅,1193,188640O,126000O,70年,毛坯,1,45.00%,1323,2.8,
742,新城香悦奥府,北干街道,杭州・博奥路（原青年路）与建设二路交叉口,住宅,1271,143514O,51255O,70年,毛坯,2.8,30.00%,1471,,江苏新城物业服务有限公司
744,天阳・文晖,城东新城,东至规划胜景路，南至规划5号路，西至胜南支路,住宅,589,待定,待定,70年,精装,1.6,30.00%,551,,
752,宋都丽郡国际,大江东,义蓬街道艮山东路延伸段与义蓬中路交汇处,住宅,1276,183000O,68000O,70年,毛坯,2.2,30.00%,1392,,
753,协安・玖墅,三墩,灯彩街和紫金港北路交叉口,住宅,88,21407O,待定,70年,毛坯、精装定制,待定,待定,,4.3,杭州郡庭物业
755,玉泉二期・香樟洋房,西溪留下,西湖区西溪路与杨梅山路交汇处,住宅,219,40000O,17400O,70年,精装,1.6,45.00%,221,3.6,万科物业管理公司
760,宋都・东郡之星,下沙大学城北,东至文淙北路，南至规划绿化用地，西至春新路，北至银海路,住宅,1042,127264O,35332O,70年,毛坯,2.5,30.00%,,,宋都物业
766,融信永兴首府,北干街道,金城路与通惠中路交汇处西100米,住宅,732,157125O,44307O,70年,毛坯,2.4,30.00%,946,,
450,九龙仓君廷,超山,余杭区S305省道与康信路交汇处,"住宅,别墅",1712,326180O,122194O,70,毛坯,1.8,30.00%,1684,2.1,浙江绿城物业管理有限公司
460,龙湖・香醍溪岸,超山,余杭区S304省道与宏达路交汇处,"住宅,别墅",2000,280000O,120000O,70,毛坯,2.4,30.00%,1900,2.9,重庆新龙湖物业服务有限公司杭州分公司
126,绿地旭辉城,滨江,滨江区七甲路和滨盛路交叉口,"住宅,公寓",2000,264551O,58798O,70年,毛坯,4.5,30.00%,2276,,待定
229,康城国际,临平新城,余杭区临平世纪大道676号（水景公园旁边）,"住宅,公寓",5000,850000O,250000O,70,毛坯,2.7,33.00%,4600,1.7,理想四维物业管理有限公司
251,复地・连城国际,临平新城,余杭区杭海路1636号（三角村公交站往前100米）,"住宅,公寓",4299,514604O,190888O,70,毛坯,2.2,30.00%,2600,1.8,上海复瑞管理有限公司
271,钱塘梧桐蓝山,临平新城,临平世纪大道（临平世纪大道与望梅路交叉口）,"住宅,公寓",2093,320000O,90239O,70,毛坯,2.8,30.00%,,2.2,绿城物业服务集团有限公司
402,美好桂花金座,临平新城,余杭区星桥星韵路与学前路交叉口（项目现场）,"住宅,公寓",1036,169830O,59212O,70,毛坯,2.3,38.00%,1069,0.95,杭州余杭桂花星城物业管理有限公司
263,中新御景湾,南部卧城,萧绍路天马加油站南（原杭州柴油机厂）,"住宅,公寓,别墅",680,138656O,60634O,70,毛坯,1.8,35.00%,1:01,1.8,杭州萧山众安物业服务有限公司
280,东冠逸景,临平新城,余杭乔司镇杭海路（杭海路与城隍中路交汇处）,"住宅,公寓,商铺",751,113200O,47000O,70,毛坯,1.7,35.00%,784,1,杭州天一物业公司
582,理想银泰城,临平新城,余杭世纪大道与迎宾路交叉口,"住宅,公寓,写字楼",1557,669725O,86274O,"住宅70年,商业40年",毛坯,5.5,25.00%,3729,,
326,野风・启城,超山,余杭区钱江科技城（钱江开发区）康信路与兴盛路交叉处西北侧,"住宅,花园洋房,湾景公寓",1200,300000O,96667O,70,毛坯,2,30.00%,1200,1.5,杭州野风物业管理有限公司
388,赞成・檀府,临平老城,余杭区临平星光街与新颜路交叉口（君湖国际酒店东侧）,"住宅,排屋",1845,318000O,105986O,70,毛坯,2.2,30.00%,1700,1.5,杭州赞成物业
433,嘉和银领时代,临平新城,余杭星桥镇藕花洲大街,"住宅,排屋",1030,30000O,85700O,70,毛坯,1.5,35.00%,,2.25,
335,朗诗未来街区东园,临平新城,余杭地铁一号线翁梅站天万路南侧,"住宅,普通住宅",976,119040O,36744O,70,毛坯,2.4,30.00%,833,,杭州朗诗物业服务有限公司
343,朗诗・未来街区,临平新城,余杭区南苑街道，地铁一号线翁梅站天万路南侧,"住宅,普通住宅",1118,110000O,40000O,70,毛坯,2.6,30.00%,1004,2,朗诗物业管理有限公司
383,星桥桂花城,临平新城,余杭区临平藕花洲大道星桥段（太平村公交站附近）,"住宅,普通住宅",1057,160000O,90000O,70,毛坯,1.4,30.00%,,1.3,杭州禹通物业有限公司
69,融创・河滨之城,蒋村西溪,余杭塘路与五常港路交汇处,住宅，商铺,3485,500000O,140000O,70年,毛坯,2.4,30.00%,,,
109,高运学林尚苑,南部卧城,萧绍路与育才路交汇处东南角,"住宅,商铺",500,100000O,26000O,70,毛坯,2.5,30.00%,476,2,杭州高运物业服务有限公司
294,华润・五彩城,余姚,余姚金型路北侧、城东路西侧,住宅，商铺，酒店式公寓,655,待定,75587O,住宅70年，公寓及商铺40年,毛坯,2.7,22.00%,,2.6,华润置地（上海）物业管理有限公司
455,新义郡,湘湖新城,义桥镇罗慕村,住宅，商业办公,308,37000O,待定,70,毛坯,1.5,30.00%,618,1.7,待定
453,贝利・栖溪望府,塘栖,余杭区塘栖镇绿荫街与塘栖路交叉口,"住宅,商住楼",1605,260000O,74196O,70,毛坯,2.5,30.00%,1300,待定,暂无资料
230,绿城・杭州蓝庭,临平北,余杭临平临平山北，320国道以南,"住宅,庭院洋房,法式合院",4500,790000O,426667O,70,毛坯,1,40.00%,4500,2.2,绿城物业服务集团有限公司
70,世茂・之西湖,滨江,一桥南侧，东起西环路，南至江南大道,"住宅,写字楼",946,272083O,58184O,70,"毛坯,精装",3.4,30.00%,802,,待定
549,崇邦・余之城,临平新城,迎宾路和临东路交叉口东南侧,"住宅,写字楼,商铺",1138,397097O,80490O,70,毛坯,3.2,46.60%,999,,钱塘物业
723,滨江新城・东方名府,萧山,建设二路和通惠北路交叉口,"住宅,洋房,酒店式公寓",320,63390O,19012O,70/40年,毛坯,2.5,30.00%,517,3.7,滨江物业
316,中海・定山府,之江转塘,八角路和鸡山路的交叉口西南方，望江山疗养院南面,住宅、别墅,1000,290000O,104667O,70,毛坯,2,30.00%,700,2.5,中海物业
426,景瑞・御华府,临平新城,临平世纪大道与汀兰路交汇处西南角,住宅、别墅,1526,212909O,77030O,70,毛坯,2,30.00%,1290,1.68,景瑞物业
31,百大绿城西子国际,钱江新城,江干庆春广场西侧，北至太平门直街，东至景坛路，南至庆春东路,住宅、城市综合体,850,280000O,27908O,40,精装修,7,20.00%,1200,4.8,启胜物业管理服务有限公司
116,瑞立东方花城,滨江,滨江滨安路与风情大道交叉口,住宅、高层,999,191000O,49000O,70,毛坯,2.2,30.00%,1660,2.1,广东中奥物业管理有限公司
98,嘉凯城名城公馆,桥西,拱墅登云路（登云路与通益路交汇处西北侧）,住宅、高层、排屋,920,150000O,44764O,70,毛坯,2.5,30.00%,913,3.3,名城物业
166,之江九里,之江转塘,之江路与龙王沙路交叉口西南面（宋城西侧）,住宅、高层、排屋,1253,181280O,90640O,70,毛坯,2,30.00%,暂无资料,,华润新鸿基物业
137,绿城・之江1号,之江转塘,杭州之江旅游度假区搏妹路和横桥路交叉口,住宅、高级公寓,2108,520000O,190009O,70,毛坯、精装,2.4,37.00%,2000,3.5,绿城物业
20,赛丽绿城・丽园,市中心,上城江城路（江城路与上仓桥路交叉口）,住宅、公寓,520,53083O,28052O,,"精装修,全装修",1.9,30.00%,290,3.98,浙江绿城物业管理公司
33,绿城・蓝色钱江,钱江新城,之江路与望江东路交叉口西侧,住宅、公寓,1100,300000O,84255O,70,精装修,3.5,30.00%,1:01,3.8,浙江绿城物业管理公司
53,绿城・明月江南,滨江,滨江西兴路(西兴路与月明路交叉口西北侧）,住宅、公寓,1498,240000O,102005O,70,精装修,2.5,30.00%,1500,2.8,浙江绿城物业管理公司
73,万科・草庄,城东新城,江干机场路355号，草庄公园南侧,住宅、公寓,550,116000O,37000O,70,精装修,2.2,30.00%,660,3.6,杭州万科物业服务有限公司
78,银杏汇,滨江,闻涛路与东信大道交叉口向西600米杭州钱塘湾艺术馆,住宅、公寓,354,200000O,38686O,70年,精装,3.2,30.00%,708,,待定
79,天阳・半岛国际,滨江,滨江长河路和滨盛路交叉口,住宅、公寓,1566,240000O,65996O,70,毛坯,2.6,30.00%,约1:1,3,杭州天阳物业有限公司
92,滨江・万家星城,城北,下城东新路（东新路与石祥路交汇处，公交站重机厂站边）,住宅、公寓,3700,700000O,190000O,70,毛坯,3,30.00%,暂定,1.75,杭州滨江物业管理有限公司
94,裕丰青鸟・香石公寓,城北,下城区白石路202号（香积寺路与白石路交叉口）,住宅、公寓,480,77000O,18484O,70,毛坯,2.2,30.00%,443,2.5,浙江南都物业管理有限公司
95,莱德・绅华府,申花,拱墅益乐路与丰登街交叉口,住宅、公寓,697,100254O,35805O,70,毛坯、精装修,2.8,30.00%,836,3,浙江绿城物业管理公司
114,中粮方圆府,城北,下城城北体育公园旁,住宅、公寓,969,143000O,35000O,70,毛坯,2.7,28.00%,待定,,暂无资料
117,新中宇维萨,城东新城,杭州环站东路和新塘路交汇处（地铁线彭埠站D向南200米）,住宅、公寓,740,120000O,28154O,70,毛坯,2.9,30.00%,714,2.25,上海复瑞（复地集团）物业管理有限公司
118,滨江・曙光之城,城东新城,江干机场路与德胜路交叉口,住宅、公寓,1000,225000O,46487O,70,毛坯,2.9,35.00%,车位比近1：2,2.5,杭州滨江物业管理有限公司
138,宋都・阳光国际花园,九堡,钱江新城沿江大道与通盛路交汇处东北方向,住宅、公寓,2167,380000O,100000O,70,毛坯,2.6,30.00%,2167,1.98,杭州宋都物业经营管理有限公司
147,滨江・金色黎明,城东新城,江干德胜路与同协路交汇处,住宅、公寓,1400,600000O,190000O,70,毛坯,2.4,30.00%,车位比1:1,2.5,杭州滨江物业管理有限公司
199,铂金名筑,滨江,滨江长河路以西，纵二路以东，平安路以南，南环路以北,住宅、公寓,815,111907O,86798O,70,毛坯,2.2,40.00%,553,,杭州彩虹物业管理有限公司
260,中豪・四季公馆,丁桥,江干南临环丁路，北至丁群路，西接长虹路,住宅、公寓,1000,166027O,52872O,70,毛坯,2.3,32.00%,1040,1.75,杭州金秋物业管理有限公司
314,城发・云锦城,长睦,江干丁桥长睦路北段,住宅、公寓,2000,250000O,105894O,70,毛坯,2.4,30.00%,,,
291,昆仑・天籁,丁桥,江干丁桥长虹路与丁群路交叉口,住宅、公寓、排屋,1234,200000O,65824O,70,毛坯,2.3,30.00%,1287,1.75,昆仑物业管理有限公司
93,万和玺园,城北,下城下城区颜三路再行路口,住宅、公寓、商铺,960,150000O,41992O,70,毛坯,2.5,30.00%,待定,,
658,绿城宁波中心m@,江东,江东河清北路299号（紧邻市政府西侧）,住宅、公寓、写字楼、商业,778,880000O,113800O,70年,精装修,2.8,27.00%,,4.5,绿城物业
36,远洋杭州大运河商务区,市中心,拱墅上塘路西侧（南临大关路，西临丽水路）,住宅、豪华住宅,1300,800000O,300000O,70,精装修,2.6,30.00%,1:01,4,远洋物业
45,绿城・西溪诚园,蒋村西溪,文一西路与紫金港路交叉西北角，浙大紫金港校区以南,住宅、豪华住宅,2300,650000O,310000O,70,精装修,2.1,40.00%,1:01,3.2,浙江绿城物业管理公司
535,黄龙金茂悦,申花,益乐路和余杭塘路交叉口,住宅、豪华住宅,1470,171248O,61160O,70年,毛坯,2.8,35.00%,1482,,
451,恒大山水城,镇海,镇海九龙大道东侧，九龙湖镇镇区南，山体西，沿山大河北,住宅、酒店式公寓,1809,261492O,90350O,70年,精装,2.2,30.00%,2005,2.05,金碧物业有限公司
683,复泰・雅宸华庭,老余杭,杭州余杭区鸬鸟镇鸬鸟镇政府旁,住宅、酒店式公寓,300,45426O,17886O,70年,毛坯,1.7,25.10%,301,3,杭州正明物业管理有限公司
517,中港・罗兰小镇,中泰,余杭区中泰街道中泰路322号,住宅、排屋,1433,240000O,91900O,70,毛坯,1.8,30.00%,1386,,待定
664,旭辉时代城,崇贤,崇杭街与塘康路交叉口西北角（上亿广场对面）,住宅、排屋、商铺,1290,129780O,54075O,70年,毛坯,2.4,30.00%,1406,,
240,协安・紫郡,三墩,西湖董家路（竹桥路）与三墩港河交界处,住宅、普通住宅,2000,400000O,114561O,70,"毛坯,精装",2.3,30.00%,2000,1.75,杭州郡庭物业有限公司
369,金都西花庭,老余杭,余杭宝塔村东至河道防护绿地南至同城印象三期,住宅、普通住宅,734,115000O,41643O,70,毛坯,2,34.00%,,2.2,金都物业管理有限公司
41,中海・御道,钱江新城,钱江新城之江路与御道路交汇处,住宅、商铺,1476,512603O,99462O,70,毛坯,3.5,30.00%,,4.5,中海物业
558,阳光城翡丽湾,丁桥,华中路与大农港路口,住宅、商铺,1436,185937O,55331O,70年,毛坯、精装,2.5,30.00%,1251,,阳光城
419,莱茵知己,临平北,临平振兴路与顺达路交汇处西南,住宅、商铺、排屋,833,149213O,49827O,70年,毛坯,2.1,30.30%,889,,蓝盛物业
139,富越・香郡,桥西,拱墅湖州街与杭行路交叉口,住宅、商铺、综合,996,170000O,41834O,70,毛坯,3,30.00%,847,2.25,南都物业物理有限公司
149,龙湖・滟澜山,下沙金沙湖,金沙湖畔海达南路与华景街交汇处,住宅、商业,981,800000O,180000O,70,"毛坯,精装",2.8,30.00%,981,3.7,重庆新龙湖物业服务有限公司杭州分公司
262,万科城,镇海,镇海绿核北地块，东临钟包路，北靠同心路,住宅、商业,2424,489361O,226777O,住宅产权70年，商业部分产权40年,精装,2.3,30.00%,1:01,3.09,万科物业
513,融创・瑷颐湾,良渚新城,杭行路与祥园北路交汇处（万达广场北面）,住宅、商业,1424,210081O,60801O,住宅70、商业40,毛坯,2.5,30.00%,1340,,第一太平融科
629,保利・中央公馆,市中心,艮山西路与新塘路交叉口,住宅、商业,1126,269587O,44103O,70年,精装,4.3,30.00%,3645,,保利物业杭州分公司
670,龙湖水晶郦城,三墩,杭州西湖区庄墩路与金汇南路交叉口,住宅、商业,878,130000O,34172O,70年、40年,毛坯,2.8,30.00%,995,,龙湖物业
712,长龙・领航城,萧山,杭州萧山博奥路（原青年路）与建设四路交汇处,住宅、商业、办公,1030,185619O,66408O,70/40,精装修/毛坯,2.8,30.00%,1956,,绿城物业
461,融创东南海,萧山,萧山区建设四路香樟路口,住宅、商业综合体（含超市、酒店、写字楼等）,2071,410000O,110000O,70年,,2.6,待定,3027,,
389,西城博司,三墩,西湖紫金港路（吉鸿快速路）与西园七路（规划中）交汇处,住宅、商住、大平层商务公馆,609,145000O,33500O,40,"毛坯,精装",3.5,30.00%,车位信息待定,3.2,杭州南都物业管理有限公司
91,中国铁建・国际城,城北,拱墅区湖州街和科园路交叉口往北150米（浙大城市学院东侧）,住宅、商住楼,1586,400000O,110000O,70,毛坯,2.6,30.00%,1432,2.5,杭州南都物业管理有限公司
602,钱江西溪新座,西溪留下,西湖区西溪路，浙大科技园正对面,住宅、商住楼,332,90000O,25000O,40,毛坯,2.2,20.00%,,2,浙江钱江物业管理有限公司
315,云栖小镇国际青年公寓,之江转塘,西湖区转塘街道科海路市委党校旁,住宅、商住综合体,696,160000O,46000O,40,毛坯,2,25.00%,801,2.8,杭州彩虹物业管理有限公司
188,开元广场,南部卧城,市心南路和向旭路交叉路口西北侧,住宅、写字楼,1802,700000O,165333O,70,毛坯,2.5,30.00%,,4,浙江开元物业服务有限公司
152,绿城巧园,滨江,滨江一桥南浦沿路西侧,住宅、写字楼、商铺,247,60657O,15449O,70,毛坯,2.7,30.00%,暂无信息,,浙江绿城物业管理公司
100,华盛达・阅城,祥符,拱墅杭行路,住宅、洋房、商业、写字楼,700,180000O,54198O,70,毛坯,2.2,30.00%,1000,1.75,浙江银杏物业管理有限公司
751,富力・新线公园,未来科技城,海曙路与常二路交叉口,住宅、综合体,423,13627O,26670O,70年,精装修,3,30.00%,906,2.3,天力物业
51,中旅・紫金名门,三墩,紫荆花路与振华路交叉口杭师大附中对面,住宅别墅,1312,210000O,46558O,70年,毛坯,3,30.00%,,,港中旅物业
626,万科中央公园,城东新城,杭州市江干区鸿泰路与莲花桥路交叉口,住宅公寓,844,131832O,59413O,70年,精装修,1.6,35.00%,,,
565,东日・晴好,之江转塘,西湖区科海路与狐山路交叉口（杭州市委党校北侧）,住宅花园洋房,246,44628O,22128O,70年,毛坯,1.5,30.00%,256个,2.25,
58,日信国际DOUBLE时代,钱江新城,钱江新城钱江路与衢江路交界处,住宅酒店式公寓,700,62398O,9000O,50,,5,25.00%,1000,5,待定
641,北辰奥园,南部卧城,南三路和蜀山路交叉口,住宅排屋,2039,322128O,83928O,70,毛坯,2.8,30.00%,2523,高层2.2含能耗，排屋、商铺3.0,南都物业
390,金昌诚园,柯桥区,柯桥区湖中路与华齐路交汇处(项目现场),住宅商铺,650,90000O,39179O,70年,,2.3,28.00%,700,2.5,金昌物业管理有限公司
458,上亿・彩虹郡,良渚新城,余杭区良渚街道博园路与港虹东路交叉口,,945,435000O,77895O,70年大产权房,毛坯,3.4,35.20%,1118,,
531,新世界琅琴湾,大江东,青六北路与江东二路交界处,,1922,261657O,68986O,70年大产权房,毛坯,2.8,30.50%,1763,1.7,杭州久安物业管理有限公司管理
585,滨江・钱塘印象,钱江新城,钱江新城核心居住区，东临甬江路，西至候潮路，南至富春路,,422,140000O,38000O,70年,精装修,2.4,35.00%,821,未定,滨江物管
645,天工湖畔春秋,柯桥区,柯桥区柯北大道与安昌路交汇处,,185,71605O,70894O,,,待定,30.00%,275,1.5,绍兴县天工物业经营有限公司
749,云杉郡,滨江,滨文路与火炬大道交叉口,,1600,79115O,19806O,40年,装修,4,25.00%,871,待定#物业公司：#开,开元物业
